<?xml version="1.0" encoding="UTF-8"?>
<presentacion>
	<periodo>2022</periodo>
	<nroPresentacion>4</nroPresentacion>
	<fechaPresentacion>2022-04-04</fechaPresentacion>
	<empleado>
		<cuit>20114928233</cuit>
		<tipoDoc>80</tipoDoc>
		<apellido>MUZZI</apellido>
		<nombre>DANIEL ADOLFO</nombre>
		<direccion>
			<provincia>1</provincia>
			<cp>1875</cp>
			<localidad>WILDE</localidad>
			<calle>SAN CARLOS</calle>
			<nro>805</nro>
		</direccion>
	</empleado>
	<deducciones>
		<deduccion tipo="1">
			<tipoDoc>80</tipoDoc>
			<nroDoc>30654855168</nroDoc>
			<denominacion>SWISS MEDICAL S A</denominacion>
			<descBasica>30654855168 - SWISS MEDICAL S A</descBasica>
			<montoTotal>144573.7</montoTotal>
			<periodos>
				<periodo mesDesde="1" mesHasta="1" montoMensual="34584.64"/>
				<periodo mesDesde="2" mesHasta="3" montoMensual="34548.64"/>
				<periodo mesDesde="4" mesHasta="4" montoMensual="40891.78"/>
			</periodos>
		</deduccion>
	</deducciones>
</presentacion>
