<?xml version="1.0" encoding="UTF-8"?>
<presentacion>
	<periodo>2022</periodo>
	<nroPresentacion>1</nroPresentacion>
	<fechaPresentacion>2022-01-04</fechaPresentacion>
	<empleado>
		<cuit>20120856511</cuit>
		<tipoDoc>86</tipoDoc>
		<apellido>MASTRUZZO FRANCISCO ALBERTO</apellido>
		<nombre></nombre>
		<direccion>
			<provincia>1</provincia>
			<cp>1824</cp>
			<localidad>LANUS</localidad>
			<calle>Manuel Maza</calle>
			<nro>2613</nro>
			<piso>P.A.</piso>
		</direccion>
	</empleado>
	<cargasFamilia>
		<cargaFamilia>
			<tipoDoc>86</tipoDoc>
			<nroDoc>27162585725</nroDoc>
			<apellido>PEREZ DINA NOEMI</apellido>
			<nombre></nombre>
			<fechaNac>1963-02-04</fechaNac>
			<mesDesde>1</mesDesde>
			<mesHasta>12</mesHasta>
			<parentesco>1</parentesco>
			<vigenteProximosPeriodos>S</vigenteProximosPeriodos>
			<porcentajeDeduccion>100</porcentajeDeduccion>
		</cargaFamilia>
	</cargasFamilia>
</presentacion>
