<?xml version="1.0" encoding="UTF-8"?>
<presentacion>
	<periodo>2022</periodo>
	<nroPresentacion>1</nroPresentacion>
	<fechaPresentacion>2022-01-05</fechaPresentacion>
	<empleado>
		<cuit>20148364215</cuit>
		<tipoDoc>86</tipoDoc>
		<apellido>ACEVEDO</apellido>
		<nombre>LUCIANO</nombre>
		<direccion>
			<provincia>1</provincia>
			<cp>1889</cp>
			<localidad>BOSQUES</localidad>
			<calle>ADDIS ABEBA</calle>
			<nro>1561</nro>
		</direccion>
	</empleado>
	<cargasFamilia>
		<cargaFamilia>
			<tipoDoc>86</tipoDoc>
			<nroDoc>27462620891</nroDoc>
			<apellido>ACEVEDO</apellido>
			<nombre>LUCIANA MILAGROS</nombre>
			<fechaNac>2004-11-23</fechaNac>
			<mesDesde>1</mesDesde>
			<mesHasta>11</mesHasta>
			<parentesco>3</parentesco>
			<vigenteProximosPeriodos>N</vigenteProximosPeriodos>
			<porcentajeDeduccion>100</porcentajeDeduccion>
		</cargaFamilia>
	</cargasFamilia>
</presentacion>
