<?xml version="1.0" encoding="UTF-8"?>
<presentacion>
	<periodo>2022</periodo>
	<nroPresentacion>5</nroPresentacion>
	<fechaPresentacion>2022-04-12</fechaPresentacion>
	<empleado>
		<cuit>20142476089</cuit>
		<tipoDoc>80</tipoDoc>
		<apellido>MONZON</apellido>
		<nombre>FABIAN ORLANDO</nombre>
		<direccion>
			<provincia>1</provincia>
			<cp>1874</cp>
			<localidad>VILLA DOMINICO</localidad>
			<calle>PUERO DE PALOS</calle>
			<nro>71</nro>
		</direccion>
	</empleado>
	<cargasFamilia>
		<cargaFamilia>
			<tipoDoc>86</tipoDoc>
			<nroDoc>20459123963</nroDoc>
			<apellido>MONZON</apellido>
			<nombre>MARTIN NICOLAS</nombre>
			<fechaNac>2004-07-13</fechaNac>
			<mesDesde>1</mesDesde>
			<mesHasta>7</mesHasta>
			<parentesco>3</parentesco>
			<vigenteProximosPeriodos>N</vigenteProximosPeriodos>
			<porcentajeDeduccion>100</porcentajeDeduccion>
		</cargaFamilia>
	</cargasFamilia>
	<deducciones>
		<deduccion tipo="1">
			<tipoDoc>80</tipoDoc>
			<nroDoc>30546741253</nroDoc>
			<denominacion>OSDE ORGANIZACION DE SERVICIOS DIRECTOS EMPRESARIOS</denominacion>
			<descBasica>30546741253 - OSDE ORGANIZACION DE SERVICIOS DIRECTOS EMPRESARIOS</descBasica>
			<montoTotal>5775</montoTotal>
			<periodos>
				<periodo mesDesde="1" mesHasta="1" montoMensual="5775"/>
			</periodos>
		</deduccion>
		<deduccion tipo="8">
			<tipoDoc>86</tipoDoc>
			<nroDoc>27320092944</nroDoc>
			<denominacion>PEDROLINI YESICA DANIELA</denominacion>
			<descBasica>27320092944 - PEDROLINI YESICA DANIELA</descBasica>
			<montoTotal>55891.95</montoTotal>
			<periodos>
				<periodo mesDesde="3" mesHasta="3" montoMensual="15891.95"/>
				<periodo mesDesde="4" mesHasta="4" montoMensual="40000"/>
			</periodos>
		</deduccion>
		<deduccion tipo="8">
			<tipoDoc>80</tipoDoc>
			<nroDoc>27950851398</nroDoc>
			<denominacion>GONZALEZ VILLALBA AURELIA</denominacion>
			<descBasica>27950851398 - GONZALEZ VILLALBA AURELIA</descBasica>
			<montoTotal>35503.36</montoTotal>
			<periodos>
				<periodo mesDesde="1" mesHasta="1" montoMensual="23991.36"/>
				<periodo mesDesde="2" mesHasta="2" montoMensual="11512"/>
			</periodos>
		</deduccion>
	</deducciones>
</presentacion>
