<?xml version="1.0" encoding="UTF-8"?>
<presentacion>
	<periodo>2022</periodo>
	<nroPresentacion>1</nroPresentacion>
	<fechaPresentacion>2022-03-16</fechaPresentacion>
	<empleado>
		<cuit>20145571708</cuit>
		<tipoDoc>86</tipoDoc>
		<apellido>GUIJO</apellido>
		<nombre>ALEJANDRO CLAUDIO</nombre>
		<direccion>
			<provincia>1</provincia>
			<cp>1875</cp>
			<localidad>WILDE</localidad>
			<calle>LAS FLORES</calle>
			<nro>1600</nro>
			<piso>PB</piso>
			<dpto>C</dpto>
		</direccion>
	</empleado>
	<cargasFamilia>
		<cargaFamilia>
			<tipoDoc>86</tipoDoc>
			<nroDoc>23456892159</nroDoc>
			<apellido>GUIJO</apellido>
			<nombre>JUAN MANUEL</nombre>
			<fechaNac>2004-04-13</fechaNac>
			<mesDesde>1</mesDesde>
			<mesHasta>4</mesHasta>
			<parentesco>3</parentesco>
			<vigenteProximosPeriodos>N</vigenteProximosPeriodos>
			<porcentajeDeduccion>50</porcentajeDeduccion>
		</cargaFamilia>
	</cargasFamilia>
</presentacion>
