<?xml version="1.0" encoding="UTF-8"?>
<presentacion>
	<periodo>2022</periodo>
	<nroPresentacion>1</nroPresentacion>
	<fechaPresentacion>2022-03-09</fechaPresentacion>
	<empleado>
		<cuit>20166806330</cuit>
		<tipoDoc>80</tipoDoc>
		<apellido>CASCARINO</apellido>
		<nombre>JOSE LUIS</nombre>
		<direccion>
			<provincia>1</provincia>
			<cp>1875</cp>
			<localidad>WILDE</localidad>
			<calle>RAQUEL ESPAÑOL</calle>
			<nro>520</nro>
		</direccion>
	</empleado>
	<deducciones>
		<deduccion tipo="1">
			<tipoDoc>80</tipoDoc>
			<nroDoc>30707972552</nroDoc>
			<denominacion>BRISTOL MEDICINE SRL</denominacion>
			<descBasica>30707972552 - BRISTOL MEDICINE SRL</descBasica>
			<montoTotal>31116.86</montoTotal>
			<periodos>
				<periodo mesDesde="1" mesHasta="1" montoMensual="10792.51"/>
				<periodo mesDesde="2" mesHasta="2" montoMensual="10698.22"/>
				<periodo mesDesde="3" mesHasta="3" montoMensual="9626.13"/>
			</periodos>
		</deduccion>
		<deduccion tipo="99">
			<tipoDoc>80</tipoDoc>
			<nroDoc>30554492211</nroDoc>
			<denominacion>CAJA DE SEGURIDAD SOCIAL PARA ODONTOLOGOS DE LA PROVINCIA DE BUENOS AIRES</denominacion>
			<descBasica>Cajas Provinciales o Municipales o de Previsión para Profesionales</descBasica>
			<descAdicional>Enero - 30554492211 - CAJA DE SEGURIDAD SOCIAL PARA ODONTOLOGOS DE LA PROVINCIA DE BUENOS AIRES</descAdicional>
			<montoTotal>9073.6</montoTotal>
			<detalles>
				<detalle nombre="motivo" valor="2"/>
				<detalle nombre="mes" valor="1"/>
			</detalles>
		</deduccion>
		<deduccion tipo="99">
			<tipoDoc>80</tipoDoc>
			<nroDoc>30554492211</nroDoc>
			<denominacion>CAJA DE SEGURIDAD SOCIAL PARA ODONTOLOGOS DE LA PROVINCIA DE BUENOS AIRES</denominacion>
			<descBasica>Cajas Provinciales o Municipales o de Previsión para Profesionales</descBasica>
			<descAdicional>Febrero - 30554492211 - CAJA DE SEGURIDAD SOCIAL PARA ODONTOLOGOS DE LA PROVINCIA DE BUENOS AIRES</descAdicional>
			<montoTotal>9073.6</montoTotal>
			<detalles>
				<detalle nombre="motivo" valor="2"/>
				<detalle nombre="mes" valor="2"/>
			</detalles>
		</deduccion>
		<deduccion tipo="99">
			<tipoDoc>80</tipoDoc>
			<nroDoc>30554492211</nroDoc>
			<denominacion>CAJA DE SEGURIDAD SOCIAL PARA ODONTOLOGOS DE LA PROVINCIA DE BUENOS AIRES</denominacion>
			<descBasica>Cajas Provinciales o Municipales o de Previsión para Profesionales</descBasica>
			<descAdicional>Marzo - 30554492211 - CAJA DE SEGURIDAD SOCIAL PARA ODONTOLOGOS DE LA PROVINCIA DE BUENOS AIRES</descAdicional>
			<montoTotal>9073.6</montoTotal>
			<detalles>
				<detalle nombre="motivo" valor="2"/>
				<detalle nombre="mes" valor="3"/>
			</detalles>
		</deduccion>
	</deducciones>
</presentacion>
