<?xml version="1.0" encoding="UTF-8"?>
<presentacion>
	<periodo>2022</periodo>
	<nroPresentacion>3</nroPresentacion>
	<fechaPresentacion>2022-03-14</fechaPresentacion>
	<empleado>
		<cuit>20170309430</cuit>
		<tipoDoc>80</tipoDoc>
		<apellido>PRESTIA</apellido>
		<nombre>FABIAN HUMBERTO</nombre>
		<direccion>
			<provincia>1</provincia>
			<cp>1875</cp>
			<localidad>WILDE</localidad>
			<calle>RAMON FRANCO</calle>
			<nro>6171</nro>
			<dpto>B</dpto>
		</direccion>
	</empleado>
	<ganLiqOtrosEmpEnt>
		<empEnt>
			<cuit>30702849515</cuit>
			<denominacion>INSTITUTO DEL PROFESORADO VERBO         DIVINO</denominacion>
			<ingresosAportes>
				<ingAp mes="1">
					<obraSoc>4101.8</obraSoc>
					<segSoc>21876.26</segSoc>
					<sind>6152.7</sind>
					<ganBrut>136726.63</ganBrut>
					<retGan>0</retGan>
					<retribNoHab>0</retribNoHab>
					<ajuste>0</ajuste>
					<exeNoAlc>0</exeNoAlc>
					<sac>0</sac>
					<horasExtGr>0</horasExtGr>
					<horasExtEx>0</horasExtEx>
					<matDid>0</matDid>
					<gastosMovViat>0</gastosMovViat>
				</ingAp>
				<ingAp mes="2">
					<obraSoc>4101.8</obraSoc>
					<segSoc>21876.26</segSoc>
					<sind>6152.7</sind>
					<ganBrut>141806.63</ganBrut>
					<retGan>0</retGan>
					<retribNoHab>0</retribNoHab>
					<ajuste>0</ajuste>
					<exeNoAlc>0</exeNoAlc>
					<sac>0</sac>
					<horasExtGr>0</horasExtGr>
					<horasExtEx>0</horasExtEx>
					<matDid>0</matDid>
					<gastosMovViat>0</gastosMovViat>
					<bonosProd>0</bonosProd>
					<remunExentaLey27549>0</remunExentaLey27549>
					<suplemParticLey19101>0</suplemParticLey19101>
					<teletrabajoExento>0</teletrabajoExento>
				</ingAp>
				<ingAp mes="3">
					<obraSoc>4101.8</obraSoc>
					<segSoc>21876.26</segSoc>
					<sind>6152.7</sind>
					<ganBrut>141806.63</ganBrut>
					<retGan>0</retGan>
					<retribNoHab>0</retribNoHab>
					<ajuste>0</ajuste>
					<exeNoAlc>0</exeNoAlc>
					<sac>0</sac>
					<horasExtGr>0</horasExtGr>
					<horasExtEx>0</horasExtEx>
					<matDid>0</matDid>
					<gastosMovViat>0</gastosMovViat>
					<bonosProd>0</bonosProd>
					<remunExentaLey27549>0</remunExentaLey27549>
					<suplemParticLey19101>0</suplemParticLey19101>
					<teletrabajoExento>0</teletrabajoExento>
				</ingAp>
			</ingresosAportes>
		</empEnt>
		<empEnt>
			<cuit>30538521848</cuit>
			<denominacion>INSTITUTO NTRA SRA DEL PERPETUO SOCORRO</denominacion>
			<ingresosAportes>
				<ingAp mes="1">
					<obraSoc>1877.3</obraSoc>
					<segSoc>10012.28</segSoc>
					<sind>2815.95</sind>
					<ganBrut>62576.77</ganBrut>
					<retGan>0</retGan>
					<retribNoHab>0</retribNoHab>
					<ajuste>0</ajuste>
					<exeNoAlc>0</exeNoAlc>
					<sac>1012.03</sac>
					<horasExtGr>0</horasExtGr>
					<horasExtEx>0</horasExtEx>
					<matDid>0</matDid>
					<gastosMovViat>0</gastosMovViat>
				</ingAp>
				<ingAp mes="2">
					<obraSoc>1877.3</obraSoc>
					<segSoc>10012.28</segSoc>
					<sind>2815.95</sind>
					<ganBrut>67656.77</ganBrut>
					<retGan>0</retGan>
					<retribNoHab>0</retribNoHab>
					<ajuste>0</ajuste>
					<exeNoAlc>0</exeNoAlc>
					<sac>0</sac>
					<horasExtGr>0</horasExtGr>
					<horasExtEx>0</horasExtEx>
					<matDid>0</matDid>
					<gastosMovViat>0</gastosMovViat>
					<bonosProd>0</bonosProd>
					<remunExentaLey27549>0</remunExentaLey27549>
					<suplemParticLey19101>0</suplemParticLey19101>
					<teletrabajoExento>0</teletrabajoExento>
				</ingAp>
				<ingAp mes="3">
					<obraSoc>1877.3</obraSoc>
					<segSoc>10012.28</segSoc>
					<sind>2815.95</sind>
					<ganBrut>67656.77</ganBrut>
					<retGan>0</retGan>
					<retribNoHab>0</retribNoHab>
					<ajuste>0</ajuste>
					<exeNoAlc>0</exeNoAlc>
					<sac>0</sac>
					<horasExtGr>0</horasExtGr>
					<horasExtEx>0</horasExtEx>
					<matDid>0</matDid>
					<gastosMovViat>0</gastosMovViat>
					<bonosProd>0</bonosProd>
					<remunExentaLey27549>0</remunExentaLey27549>
					<suplemParticLey19101>0</suplemParticLey19101>
					<teletrabajoExento>0</teletrabajoExento>
				</ingAp>
			</ingresosAportes>
		</empEnt>
	</ganLiqOtrosEmpEnt>
</presentacion>
