<?xml version="1.0" encoding="UTF-8"?>
<presentacion>
	<periodo>2022</periodo>
	<nroPresentacion>4</nroPresentacion>
	<fechaPresentacion>2022-04-12</fechaPresentacion>
	<empleado>
		<cuit>20173160144</cuit>
		<tipoDoc>80</tipoDoc>
		<apellido>SICARI</apellido>
		<nombre>ROBERTO DAMIAN</nombre>
		<direccion>
			<provincia>1</provincia>
			<cp>1872</cp>
			<localidad>SARANDI</localidad>
			<calle>O HIGGINS</calle>
			<nro>861</nro>
			<dpto>003</dpto>
		</direccion>
	</empleado>
	<deducciones>
		<deduccion tipo="8">
			<tipoDoc>86</tipoDoc>
			<nroDoc>27300987481</nroDoc>
			<denominacion>MARTINEZ MAIRA ELIZABET</denominacion>
			<descBasica>27300987481 - MARTINEZ MAIRA ELIZABET</descBasica>
			<montoTotal>17611.84</montoTotal>
			<periodos>
				<periodo mesDesde="1" mesHasta="1" montoMensual="4767.08"/>
				<periodo mesDesde="2" mesHasta="2" montoMensual="5836.16"/>
				<periodo mesDesde="3" mesHasta="3" montoMensual="3336"/>
				<periodo mesDesde="4" mesHasta="4" montoMensual="3672.6"/>
			</periodos>
		</deduccion>
	</deducciones>
</presentacion>
