<?xml version="1.0" encoding="UTF-8"?>
<presentacion>
	<periodo>2022</periodo>
	<nroPresentacion>1</nroPresentacion>
	<fechaPresentacion>2022-02-18</fechaPresentacion>
	<empleado>
		<cuit>20183568958</cuit>
		<tipoDoc>80</tipoDoc>
		<apellido>BARRIENTOS</apellido>
		<nombre>DAVID ROBERTO</nombre>
		<direccion>
			<provincia>1</provincia>
			<cp>1834</cp>
			<localidad>BARRIO SAN JOSE</localidad>
			<calle>EL HORNERO</calle>
			<nro>3848</nro>
		</direccion>
	</empleado>
	<deducciones>
		<deduccion tipo="24">
			<tipoDoc>80</tipoDoc>
			<nroDoc>30716030438</nroDoc>
			<denominacion>PREVENCION SEGUROS DE RETIRO S.A.</denominacion>
			<descBasica>30716030438 - PREVENCION SEGUROS DE RETIRO S.A.</descBasica>
			<montoTotal>4800</montoTotal>
			<periodos>
				<periodo mesDesde="1" mesHasta="2" montoMensual="2400"/>
			</periodos>
		</deduccion>
	</deducciones>
</presentacion>
