<?xml version="1.0" encoding="UTF-8"?>
<presentacion>
	<periodo>2022</periodo>
	<nroPresentacion>2</nroPresentacion>
	<fechaPresentacion>2022-04-11</fechaPresentacion>
	<empleado>
		<cuit>20230085723</cuit>
		<tipoDoc>80</tipoDoc>
		<apellido>FERNANDEZ</apellido>
		<nombre>DAVID DIEGO BARTOLOME</nombre>
		<direccion>
			<provincia>1</provincia>
			<cp>1875</cp>
			<localidad>WILDE</localidad>
			<calle>LAS FLORES</calle>
			<nro>1600</nro>
			<piso>9</piso>
			<dpto>a</dpto>
		</direccion>
	</empleado>
	<cargasFamilia>
		<cargaFamilia>
			<tipoDoc>80</tipoDoc>
			<nroDoc>27239276461</nroDoc>
			<apellido>SUAREZ</apellido>
			<nombre>CARINA NOEMI</nombre>
			<fechaNac>1974-05-05</fechaNac>
			<mesDesde>1</mesDesde>
			<mesHasta>12</mesHasta>
			<parentesco>1</parentesco>
			<vigenteProximosPeriodos>S</vigenteProximosPeriodos>
			<porcentajeDeduccion>100</porcentajeDeduccion>
		</cargaFamilia>
		<cargaFamilia>
			<tipoDoc>86</tipoDoc>
			<nroDoc>20523952588</nroDoc>
			<apellido>FERNANDEZ SUAREZ</apellido>
			<nombre>NAHUEL JUAN PABLO</nombre>
			<fechaNac>2012-04-10</fechaNac>
			<mesDesde>1</mesDesde>
			<mesHasta>12</mesHasta>
			<parentesco>3</parentesco>
			<vigenteProximosPeriodos>S</vigenteProximosPeriodos>
			<porcentajeDeduccion>100</porcentajeDeduccion>
		</cargaFamilia>
	</cargasFamilia>
	<ganLiqOtrosEmpEnt>
		<empEnt>
			<cuit>30546671166</cuit>
			<denominacion>UNIVERSIDAD TECNOLOGICA NACIONAL</denominacion>
			<ingresosAportes>
				<ingAp mes="1">
					<obraSoc>3995.1</obraSoc>
					<segSoc>11852.17</segSoc>
					<sind>0</sind>
					<ganBrut>74076.06</ganBrut>
					<retGan>0</retGan>
					<retribNoHab>0</retribNoHab>
					<ajuste>0</ajuste>
					<exeNoAlc>0</exeNoAlc>
					<sac>0</sac>
					<horasExtGr>0</horasExtGr>
					<horasExtEx>0</horasExtEx>
					<matDid>0</matDid>
					<gastosMovViat>0</gastosMovViat>
					<conSimNat>0</conSimNat>
					<remunExentaLey27549>0</remunExentaLey27549>
					<suplemParticLey19101>0</suplemParticLey19101>
					<teletrabajoExento>0</teletrabajoExento>
				</ingAp>
				<ingAp mes="2">
					<obraSoc>3711.29</obraSoc>
					<segSoc>11857.18</segSoc>
					<sind>0</sind>
					<ganBrut>74107.38</ganBrut>
					<retGan>0</retGan>
					<retribNoHab>0</retribNoHab>
					<ajuste>0</ajuste>
					<exeNoAlc>0</exeNoAlc>
					<sac>0</sac>
					<horasExtGr>0</horasExtGr>
					<horasExtEx>0</horasExtEx>
					<matDid>0</matDid>
					<gastosMovViat>0</gastosMovViat>
					<bonosProd>0</bonosProd>
					<fallosCaja>0</fallosCaja>
					<conSimNat>0</conSimNat>
					<remunExentaLey27549>0</remunExentaLey27549>
					<suplemParticLey19101>0</suplemParticLey19101>
					<teletrabajoExento>0</teletrabajoExento>
				</ingAp>
			</ingresosAportes>
		</empEnt>
	</ganLiqOtrosEmpEnt>
</presentacion>
