<?xml version="1.0" encoding="UTF-8"?>
<presentacion>
	<periodo>2022</periodo>
	<nroPresentacion>1</nroPresentacion>
	<fechaPresentacion>2022-01-05</fechaPresentacion>
	<empleado>
		<cuit>20281965973</cuit>
		<tipoDoc>80</tipoDoc>
		<apellido>BEVEGNI</apellido>
		<nombre>ANGEL PABLO</nombre>
		<direccion>
			<provincia>1</provincia>
			<cp>1875</cp>
			<localidad>WILDE</localidad>
			<calle>HILARIO ASCASUBI</calle>
			<nro>560</nro>
			<piso>10</piso>
			<dpto>A</dpto>
		</direccion>
	</empleado>
	<cargasFamilia>
		<cargaFamilia>
			<tipoDoc>86</tipoDoc>
			<nroDoc>23490676759</nroDoc>
			<apellido>BEVEGNI</apellido>
			<nombre>LUCIANO JOAQUIN</nombre>
			<fechaNac>2008-11-07</fechaNac>
			<mesDesde>1</mesDesde>
			<mesHasta>12</mesHasta>
			<parentesco>3</parentesco>
			<vigenteProximosPeriodos>S</vigenteProximosPeriodos>
			<porcentajeDeduccion>100</porcentajeDeduccion>
		</cargaFamilia>
		<cargaFamilia>
			<tipoDoc>86</tipoDoc>
			<nroDoc>20462071966</nroDoc>
			<apellido>BEVEGNI</apellido>
			<nombre>JUAN PABLO</nombre>
			<fechaNac>2004-11-01</fechaNac>
			<mesDesde>1</mesDesde>
			<mesHasta>11</mesHasta>
			<parentesco>3</parentesco>
			<vigenteProximosPeriodos>N</vigenteProximosPeriodos>
			<porcentajeDeduccion>100</porcentajeDeduccion>
		</cargaFamilia>
	</cargasFamilia>
	<ganLiqOtrosEmpEnt>
		<empEnt>
			<cuit>30711424861</cuit>
			<denominacion>UNIVERSIDAD NACIONAL DE AVELLANEDA</denominacion>
			<ingresosAportes/>
		</empEnt>
	</ganLiqOtrosEmpEnt>
	<deducciones>
		<deduccion tipo="1">
			<tipoDoc>80</tipoDoc>
			<nroDoc>30546741253</nroDoc>
			<denominacion>OSDE ORGANIZACION DE SERVICIOS DIRECTOS EMPRESARIOS</denominacion>
			<descBasica>30546741253 - OSDE ORGANIZACION DE SERVICIOS DIRECTOS EMPRESARIOS</descBasica>
			<montoTotal>0.01</montoTotal>
			<periodos>
				<periodo mesDesde="1" mesHasta="1" montoMensual="0.01"/>
			</periodos>
		</deduccion>
	</deducciones>
</presentacion>
