<?xml version="1.0" encoding="UTF-8"?>
<presentacion>
	<periodo>2022</periodo>
	<nroPresentacion>1</nroPresentacion>
	<fechaPresentacion>2022-04-10</fechaPresentacion>
	<empleado>
		<cuit>20307785197</cuit>
		<tipoDoc>80</tipoDoc>
		<apellido>BELTRAN</apellido>
		<nombre>FEDERICO MARIANO</nombre>
		<direccion>
			<provincia>1</provincia>
			<cp>1875</cp>
			<localidad>WILDE</localidad>
			<calle>VUCETICH</calle>
			<nro>962</nro>
		</direccion>
	</empleado>
	<cargasFamilia>
		<cargaFamilia>
			<tipoDoc>86</tipoDoc>
			<nroDoc>20585137147</nroDoc>
			<apellido>BELTRAN SANCHEZ</apellido>
			<nombre>JUAN MANUEL</nombre>
			<fechaNac>2020-08-20</fechaNac>
			<mesDesde>1</mesDesde>
			<mesHasta>12</mesHasta>
			<parentesco>3</parentesco>
			<vigenteProximosPeriodos>S</vigenteProximosPeriodos>
			<porcentajeDeduccion>100</porcentajeDeduccion>
		</cargaFamilia>
	</cargasFamilia>
</presentacion>
