<?xml version="1.0" encoding="UTF-8"?>
<presentacion>
	<periodo>2022</periodo>
	<nroPresentacion>1</nroPresentacion>
	<fechaPresentacion>2022-01-18</fechaPresentacion>
	<empleado>
		<cuit>20323948918</cuit>
		<tipoDoc>80</tipoDoc>
		<apellido>ALBORÑOZ</apellido>
		<nombre>EDGARDO MATIAS</nombre>
		<direccion>
			<provincia>1</provincia>
			<cp>1874</cp>
			<localidad>VILLA DOMINICO</localidad>
			<calle>SAN NICOLAS</calle>
			<nro>4814</nro>
		</direccion>
	</empleado>
	<cargasFamilia>
		<cargaFamilia>
			<tipoDoc>86</tipoDoc>
			<nroDoc>27582097300</nroDoc>
			<apellido>ALBORNOZ SARAVIA</apellido>
			<nombre>MAIA</nombre>
			<fechaNac>2020-03-09</fechaNac>
			<mesDesde>1</mesDesde>
			<mesHasta>12</mesHasta>
			<parentesco>3</parentesco>
			<vigenteProximosPeriodos>S</vigenteProximosPeriodos>
			<porcentajeDeduccion>100</porcentajeDeduccion>
		</cargaFamilia>
	</cargasFamilia>
	<deducciones>
		<deduccion tipo="1">
			<tipoDoc>80</tipoDoc>
			<nroDoc>30715272071</nroDoc>
			<denominacion>OSCOSALUD S.A.</denominacion>
			<descBasica>30715272071 - OSCOSALUD S.A.</descBasica>
			<montoTotal>0.01</montoTotal>
			<periodos>
				<periodo mesDesde="1" mesHasta="1" montoMensual="0.01"/>
			</periodos>
		</deduccion>
	</deducciones>
</presentacion>
