<?xml version="1.0" encoding="UTF-8"?>
<presentacion>
	<periodo>2022</periodo>
	<nroPresentacion>5</nroPresentacion>
	<fechaPresentacion>2022-04-12</fechaPresentacion>
	<empleado>
		<cuit>20371039660</cuit>
		<tipoDoc>80</tipoDoc>
		<apellido>CHORNOBROFF</apellido>
		<nombre>ALEJO</nombre>
		<direccion>
			<provincia>1</provincia>
			<cp>1874</cp>
			<localidad>VILLA DOMINICO</localidad>
			<calle>Oyuelas</calle>
			<nro>1502</nro>
		</direccion>
	</empleado>
	<deducciones>
		<deduccion tipo="7">
			<tipoDoc>80</tipoDoc>
			<nroDoc>27119987143</nroDoc>
			<denominacion>PAOLANTONIO MIRTA</denominacion>
			<descBasica>27119987143 - PAOLANTONIO MIRTA</descBasica>
			<montoTotal>4000</montoTotal>
			<periodos>
				<periodo mesDesde="4" mesHasta="4" montoMensual="4000.00"/>
			</periodos>
		</deduccion>
		<deduccion tipo="8">
			<tipoDoc>86</tipoDoc>
			<nroDoc>27930413793</nroDoc>
			<denominacion>OVELAR GIMENEZ ROSA EVANGELINA</denominacion>
			<descBasica>27930413793 - OVELAR GIMENEZ ROSA EVANGELINA</descBasica>
			<montoTotal>72789</montoTotal>
			<periodos>
				<periodo mesDesde="1" mesHasta="1" montoMensual="24069"/>
				<periodo mesDesde="2" mesHasta="2" montoMensual="15360"/>
				<periodo mesDesde="3" mesHasta="4" montoMensual="16680"/>
			</periodos>
		</deduccion>
	</deducciones>
</presentacion>
