<?xml version="1.0" encoding="UTF-8"?>
<presentacion>
	<periodo>2022</periodo>
	<nroPresentacion>1</nroPresentacion>
	<fechaPresentacion>2022-04-06</fechaPresentacion>
	<empleado>
		<cuit>27124036548</cuit>
		<tipoDoc>80</tipoDoc>
		<apellido>ROSA</apellido>
		<nombre>NORMA ADRIANA</nombre>
		<direccion>
			<provincia>1</provincia>
			<cp>1872</cp>
			<localidad>SARANDI</localidad>
			<calle>ESTRADA</calle>
			<nro>2770</nro>
		</direccion>
	</empleado>
	<deducciones>
		<deduccion tipo="1">
			<tipoDoc>80</tipoDoc>
			<nroDoc>30683032227</nroDoc>
			<denominacion>OBRA SOCIAL UNION PERSONAL DE LA UNION  DEL PERSONAL CIVIL DE LA NACION</denominacion>
			<descBasica>30683032227 - OBRA SOCIAL UNION PERSONAL DE LA UNION  DEL PERSONAL CIVIL DE LA NACION</descBasica>
			<montoTotal>4140</montoTotal>
			<periodos>
				<periodo mesDesde="1" mesHasta="3" montoMensual="1380"/>
			</periodos>
		</deduccion>
		<deduccion tipo="99">
			<tipoDoc>80</tipoDoc>
			<nroDoc>30540780028</nroDoc>
			<denominacion>COLEGIO DE MEDICOS DE LA PROVINCIA DE   BUENOS AIRES    DISTRITO I</denominacion>
			<descBasica>Aportes para fondos de Jubilación, Retiros, Pensiones o Subsidios destinados al ANSES</descBasica>
			<descAdicional>Enero - 30540780028 - COLEGIO DE MEDICOS DE LA PROVINCIA DE   BUENOS AIRES    DISTRITO I</descAdicional>
			<montoTotal>1800</montoTotal>
			<detalles>
				<detalle nombre="motivo" valor="1"/>
				<detalle nombre="mes" valor="1"/>
			</detalles>
		</deduccion>
		<deduccion tipo="99">
			<tipoDoc>80</tipoDoc>
			<nroDoc>30540780028</nroDoc>
			<denominacion>COLEGIO DE MEDICOS DE LA PROVINCIA DE   BUENOS AIRES    DISTRITO I</denominacion>
			<descBasica>Aportes para fondos de Jubilación, Retiros, Pensiones o Subsidios destinados al ANSES</descBasica>
			<descAdicional>Febrero - 30540780028 - COLEGIO DE MEDICOS DE LA PROVINCIA DE   BUENOS AIRES    DISTRITO I</descAdicional>
			<montoTotal>1800</montoTotal>
			<detalles>
				<detalle nombre="motivo" valor="1"/>
				<detalle nombre="mes" valor="2"/>
			</detalles>
		</deduccion>
		<deduccion tipo="99">
			<tipoDoc>80</tipoDoc>
			<nroDoc>30540780028</nroDoc>
			<denominacion>COLEGIO DE MEDICOS DE LA PROVINCIA DE   BUENOS AIRES    DISTRITO I</denominacion>
			<descBasica>Aportes para fondos de Jubilación, Retiros, Pensiones o Subsidios destinados al ANSES</descBasica>
			<descAdicional>Febrero - 30540780028 - COLEGIO DE MEDICOS DE LA PROVINCIA DE   BUENOS AIRES    DISTRITO I</descAdicional>
			<montoTotal>1800</montoTotal>
			<detalles>
				<detalle nombre="motivo" valor="1"/>
				<detalle nombre="mes" valor="2"/>
			</detalles>
		</deduccion>
		<deduccion tipo="99">
			<tipoDoc>80</tipoDoc>
			<nroDoc>30542265317</nroDoc>
			<denominacion>CAJA DE PREVISION Y SEGURO MEDICO DE LA PROVINCIA DE BUENOS AIRES</denominacion>
			<descBasica>Cajas Provinciales o Municipales o de Previsión para Profesionales</descBasica>
			<descAdicional>Enero - 30542265317 - CAJA DE PREVISION Y SEGURO MEDICO DE LA PROVINCIA DE BUENOS AIRES</descAdicional>
			<montoTotal>12425</montoTotal>
			<detalles>
				<detalle nombre="motivo" valor="2"/>
				<detalle nombre="mes" valor="1"/>
			</detalles>
		</deduccion>
		<deduccion tipo="99">
			<tipoDoc>80</tipoDoc>
			<nroDoc>30542265317</nroDoc>
			<denominacion>CAJA DE PREVISION Y SEGURO MEDICO DE LA PROVINCIA DE BUENOS AIRES</denominacion>
			<descBasica>Cajas Provinciales o Municipales o de Previsión para Profesionales</descBasica>
			<descAdicional>Febrero - 30542265317 - CAJA DE PREVISION Y SEGURO MEDICO DE LA PROVINCIA DE BUENOS AIRES</descAdicional>
			<montoTotal>12425</montoTotal>
			<detalles>
				<detalle nombre="motivo" valor="2"/>
				<detalle nombre="mes" valor="2"/>
			</detalles>
		</deduccion>
		<deduccion tipo="99">
			<tipoDoc>80</tipoDoc>
			<nroDoc>30542265317</nroDoc>
			<denominacion>CAJA DE PREVISION Y SEGURO MEDICO DE LA PROVINCIA DE BUENOS AIRES</denominacion>
			<descBasica>Cajas Provinciales o Municipales o de Previsión para Profesionales</descBasica>
			<descAdicional>Marzo - 30542265317 - CAJA DE PREVISION Y SEGURO MEDICO DE LA PROVINCIA DE BUENOS AIRES</descAdicional>
			<montoTotal>12425</montoTotal>
			<detalles>
				<detalle nombre="motivo" valor="2"/>
				<detalle nombre="mes" valor="3"/>
			</detalles>
		</deduccion>
	</deducciones>
</presentacion>
