<?xml version="1.0" encoding="UTF-8"?>
<presentacion>
	<periodo>2022</periodo>
	<nroPresentacion>1</nroPresentacion>
	<fechaPresentacion>2022-02-19</fechaPresentacion>
	<empleado>
		<cuit>27148204530</cuit>
		<tipoDoc>80</tipoDoc>
		<apellido>ZUNINO</apellido>
		<nombre>SANDRA MARCELA</nombre>
		<direccion>
			<provincia>0</provincia>
			<cp>1124</cp>
			<localidad>Ciudad de Buenos Aires</localidad>
			<calle>ARENALES</calle>
			<nro>2245</nro>
			<piso>7</piso>
		</direccion>
	</empleado>
	<ganLiqOtrosEmpEnt>
		<empEnt>
			<cuit>30546666561</cuit>
			<denominacion>UNIVERSIDAD DE BUENOS AIRES</denominacion>
			<ingresosAportes>
				<ingAp mes="1">
					<obraSoc>0</obraSoc>
					<segSoc>4276.1</segSoc>
					<sind>0</sind>
					<ganBrut>28747.68</ganBrut>
					<retGan>0</retGan>
					<retribNoHab>0</retribNoHab>
					<ajuste>0</ajuste>
					<exeNoAlc>0</exeNoAlc>
					<sac>0</sac>
					<horasExtGr>0</horasExtGr>
					<horasExtEx>0</horasExtEx>
					<matDid>0</matDid>
					<gastosMovViat>0</gastosMovViat>
					<bonosProd>0</bonosProd>
					<remunExentaLey27549>0</remunExentaLey27549>
					<suplemParticLey19101>0</suplemParticLey19101>
					<teletrabajoExento>0</teletrabajoExento>
				</ingAp>
			</ingresosAportes>
		</empEnt>
	</ganLiqOtrosEmpEnt>
</presentacion>
