<?xml version="1.0" encoding="UTF-8"?>
<presentacion>
	<periodo>2022</periodo>
	<nroPresentacion>3</nroPresentacion>
	<fechaPresentacion>2022-04-04</fechaPresentacion>
	<empleado>
		<cuit>27140426879</cuit>
		<tipoDoc>80</tipoDoc>
		<apellido>BIDINOST</apellido>
		<nombre>LUCIA IRENE</nombre>
		<direccion>
			<provincia>1</provincia>
			<cp>1875</cp>
			<localidad>WILDE</localidad>
			<calle>JOSE E RODO</calle>
			<nro>39</nro>
		</direccion>
	</empleado>
	<ganLiqOtrosEmpEnt>
		<empEnt>
			<cuit>34999032089</cuit>
			<denominacion>GOBIERNO DE LA CIUDAD DE BUENOS AIRES</denominacion>
			<ingresosAportes>
				<ingAp mes="1">
					<obraSoc>0</obraSoc>
					<segSoc>14232.68</segSoc>
					<sind>4897.31</sind>
					<ganBrut>187089.87</ganBrut>
					<retGan>0</retGan>
					<retribNoHab>0</retribNoHab>
					<ajuste>0</ajuste>
					<exeNoAlc>0</exeNoAlc>
					<sac>0</sac>
					<horasExtGr>0</horasExtGr>
					<horasExtEx>0</horasExtEx>
					<matDid>0</matDid>
					<gastosMovViat>0</gastosMovViat>
					<bonosProd>0</bonosProd>
					<remunExentaLey27549>0</remunExentaLey27549>
					<suplemParticLey19101>0</suplemParticLey19101>
					<teletrabajoExento>0</teletrabajoExento>
				</ingAp>
				<ingAp mes="2">
					<obraSoc>0</obraSoc>
					<segSoc>14232.68</segSoc>
					<sind>4897.31</sind>
					<ganBrut>187089.82</ganBrut>
					<retGan>0</retGan>
					<retribNoHab>0</retribNoHab>
					<ajuste>0</ajuste>
					<exeNoAlc>0</exeNoAlc>
					<sac>0</sac>
					<horasExtGr>0</horasExtGr>
					<horasExtEx>0</horasExtEx>
					<matDid>0</matDid>
					<gastosMovViat>0</gastosMovViat>
					<bonosProd>0</bonosProd>
					<remunExentaLey27549>0</remunExentaLey27549>
					<suplemParticLey19101>0</suplemParticLey19101>
					<teletrabajoExento>0</teletrabajoExento>
				</ingAp>
				<ingAp mes="3">
					<obraSoc>0</obraSoc>
					<segSoc>13281.65</segSoc>
					<sind>4943.96</sind>
					<ganBrut>157123.26</ganBrut>
					<retGan>0</retGan>
					<retribNoHab>0</retribNoHab>
					<ajuste>0</ajuste>
					<exeNoAlc>0</exeNoAlc>
					<sac>0</sac>
					<horasExtGr>0</horasExtGr>
					<horasExtEx>0</horasExtEx>
					<matDid>0</matDid>
					<gastosMovViat>0</gastosMovViat>
					<bonosProd>0</bonosProd>
					<remunExentaLey27549>0</remunExentaLey27549>
					<suplemParticLey19101>0</suplemParticLey19101>
					<teletrabajoExento>0</teletrabajoExento>
				</ingAp>
			</ingresosAportes>
		</empEnt>
	</ganLiqOtrosEmpEnt>
	<deducciones>
		<deduccion tipo="1">
			<tipoDoc>80</tipoDoc>
			<nroDoc>30546741253</nroDoc>
			<denominacion>OSDE ORGANIZACION DE SERVICIOS DIRECTOS EMPRESARIOS</denominacion>
			<descBasica>30546741253 - OSDE ORGANIZACION DE SERVICIOS DIRECTOS EMPRESARIOS</descBasica>
			<montoTotal>28082.8</montoTotal>
			<periodos>
				<periodo mesDesde="2" mesHasta="2" montoMensual="12566.45"/>
				<periodo mesDesde="3" mesHasta="3" montoMensual="15516.35"/>
			</periodos>
		</deduccion>
		<deduccion tipo="8">
			<tipoDoc>86</tipoDoc>
			<nroDoc>27261585788</nroDoc>
			<denominacion>REYES SANDRA MABEL</denominacion>
			<descBasica>27261585788 - REYES SANDRA MABEL</descBasica>
			<montoTotal>78275</montoTotal>
			<periodos>
				<periodo mesDesde="1" mesHasta="1" montoMensual="20480"/>
				<periodo mesDesde="2" mesHasta="2" montoMensual="31107"/>
				<periodo mesDesde="3" mesHasta="3" montoMensual="26688"/>
			</periodos>
		</deduccion>
		<deduccion tipo="99">
			<tipoDoc>80</tipoDoc>
			<nroDoc>30542265317</nroDoc>
			<denominacion>CAJA DE PREVISION Y SEGURO MEDICO DE LA PROVINCIA DE BUENOS AIRES</denominacion>
			<descBasica>Cajas Provinciales o Municipales o de Previsión para Profesionales</descBasica>
			<descAdicional>Enero - 30542265317 - CAJA DE PREVISION Y SEGURO MEDICO DE LA PROVINCIA DE BUENOS AIRES</descAdicional>
			<montoTotal>12425</montoTotal>
			<detalles>
				<detalle nombre="motivo" valor="2"/>
				<detalle nombre="mes" valor="1"/>
			</detalles>
		</deduccion>
		<deduccion tipo="99">
			<tipoDoc>80</tipoDoc>
			<nroDoc>30542265317</nroDoc>
			<denominacion>CAJA DE PREVISION Y SEGURO MEDICO DE LA PROVINCIA DE BUENOS AIRES</denominacion>
			<descBasica>Cajas Provinciales o Municipales o de Previsión para Profesionales</descBasica>
			<descAdicional>Febrero - 30542265317 - CAJA DE PREVISION Y SEGURO MEDICO DE LA PROVINCIA DE BUENOS AIRES</descAdicional>
			<montoTotal>12425</montoTotal>
			<detalles>
				<detalle nombre="motivo" valor="2"/>
				<detalle nombre="mes" valor="2"/>
			</detalles>
		</deduccion>
		<deduccion tipo="99">
			<tipoDoc>80</tipoDoc>
			<nroDoc>30542265317</nroDoc>
			<denominacion>CAJA DE PREVISION Y SEGURO MEDICO DE LA PROVINCIA DE BUENOS AIRES</denominacion>
			<descBasica>Cajas Provinciales o Municipales o de Previsión para Profesionales</descBasica>
			<descAdicional>Marzo - 30542265317 - CAJA DE PREVISION Y SEGURO MEDICO DE LA PROVINCIA DE BUENOS AIRES</descAdicional>
			<montoTotal>12425</montoTotal>
			<detalles>
				<detalle nombre="motivo" valor="2"/>
				<detalle nombre="mes" valor="3"/>
			</detalles>
		</deduccion>
		<deduccion tipo="99">
			<tipoDoc>80</tipoDoc>
			<nroDoc>33637617449</nroDoc>
			<denominacion>ADMINISTRACION NACIONAL DE LA SEGURIDAD SOCIAL ANSES</denominacion>
			<descBasica>Aportes para fondos de Jubilación, Retiros, Pensiones o Subsidios destinados al ANSES</descBasica>
			<descAdicional>Enero - 33637617449 - ADMINISTRACION NACIONAL DE LA SEGURIDAD SOCIAL ANSES</descAdicional>
			<montoTotal>10440.32</montoTotal>
			<detalles>
				<detalle nombre="motivo" valor="1"/>
				<detalle nombre="mes" valor="1"/>
			</detalles>
		</deduccion>
		<deduccion tipo="99">
			<tipoDoc>80</tipoDoc>
			<nroDoc>33637617449</nroDoc>
			<denominacion>ADMINISTRACION NACIONAL DE LA SEGURIDAD SOCIAL ANSES</denominacion>
			<descBasica>Aportes para fondos de Jubilación, Retiros, Pensiones o Subsidios destinados al ANSES</descBasica>
			<descAdicional>Febrero - 33637617449 - ADMINISTRACION NACIONAL DE LA SEGURIDAD SOCIAL ANSES</descAdicional>
			<montoTotal>10440.32</montoTotal>
			<detalles>
				<detalle nombre="motivo" valor="1"/>
				<detalle nombre="mes" valor="2"/>
			</detalles>
		</deduccion>
	</deducciones>
</presentacion>
