<?xml version="1.0" encoding="UTF-8"?>
<presentacion>
	<periodo>2022</periodo>
	<nroPresentacion>4</nroPresentacion>
	<fechaPresentacion>2022-04-05</fechaPresentacion>
	<empleado>
		<cuit>27168933105</cuit>
		<tipoDoc>80</tipoDoc>
		<apellido>PAZOS</apellido>
		<nombre>GABRIELA ELVIA</nombre>
		<direccion>
			<provincia>0</provincia>
			<cp>1139</cp>
			<localidad>Ciudad de Buenos Aires</localidad>
			<calle>TACUARI</calle>
			<nro>1319</nro>
			<piso>5</piso>
			<dpto>A</dpto>
		</direccion>
	</empleado>
	<deducciones>
		<deduccion tipo="1">
			<tipoDoc>80</tipoDoc>
			<nroDoc>30545933566</nroDoc>
			<denominacion>HOSPITAL BRITANICO DE BUENOS AIRES ASOCIACION CIVIL</denominacion>
			<descBasica>30545933566 - HOSPITAL BRITANICO DE BUENOS AIRES ASOCIACION CIVIL</descBasica>
			<montoTotal>34732.7</montoTotal>
			<periodos>
				<periodo mesDesde="1" mesHasta="1" montoMensual="11077.65"/>
				<periodo mesDesde="2" mesHasta="2" montoMensual="9482.55"/>
				<periodo mesDesde="3" mesHasta="3" montoMensual="543.84"/>
				<periodo mesDesde="4" mesHasta="4" montoMensual="13628.66"/>
			</periodos>
		</deduccion>
	</deducciones>
</presentacion>
