<?xml version="1.0" encoding="UTF-8"?>
<presentacion>
	<periodo>2022</periodo>
	<nroPresentacion>2</nroPresentacion>
	<fechaPresentacion>2022-02-26</fechaPresentacion>
	<empleado>
		<cuit>27177107382</cuit>
		<tipoDoc>80</tipoDoc>
		<apellido>GHIRELLI</apellido>
		<nombre>MONICA VIVIANA</nombre>
		<direccion>
			<provincia>1</provincia>
			<cp>1875</cp>
			<localidad>WILDE</localidad>
			<calle>M. FIERRO</calle>
			<nro>1493</nro>
			<piso>0</piso>
			<dpto>0</dpto>
		</direccion>
	</empleado>
	<deducciones>
		<deduccion tipo="1">
			<tipoDoc>80</tipoDoc>
			<nroDoc>30602010437</nroDoc>
			<denominacion>UNIDAD CORONARIA MOVIL QUILMES S.A</denominacion>
			<descBasica>30602010437 - UNIDAD CORONARIA MOVIL QUILMES S.A</descBasica>
			<montoTotal>3662</montoTotal>
			<periodos>
				<periodo mesDesde="1" mesHasta="2" montoMensual="1831"/>
			</periodos>
		</deduccion>
		<deduccion tipo="8">
			<tipoDoc>86</tipoDoc>
			<nroDoc>27337941392</nroDoc>
			<denominacion>ABADIE ROMINA VALERIA</denominacion>
			<descBasica>27337941392 - ABADIE ROMINA VALERIA</descBasica>
			<montoTotal>44000</montoTotal>
			<periodos>
				<periodo mesDesde="1" mesHasta="1" montoMensual="20000"/>
				<periodo mesDesde="2" mesHasta="2" montoMensual="24000"/>
			</periodos>
		</deduccion>
	</deducciones>
</presentacion>
