<?xml version="1.0" encoding="UTF-8"?>
<presentacion>
	<periodo>2022</periodo>
	<nroPresentacion>3</nroPresentacion>
	<fechaPresentacion>2022-03-15</fechaPresentacion>
	<empleado>
		<cuit>27172609800</cuit>
		<tipoDoc>80</tipoDoc>
		<apellido>LEZCANO</apellido>
		<nombre>PATRICIA BEATRIZ</nombre>
		<direccion>
			<provincia>1</provincia>
			<cp>1881</cp>
			<localidad>SAN FRANCISCO SOLANO (QUILMES)</localidad>
			<calle>846</calle>
			<nro>2343</nro>
		</direccion>
	</empleado>
	<deducciones>
		<deduccion tipo="1">
			<tipoDoc>80</tipoDoc>
			<nroDoc>30546741253</nroDoc>
			<denominacion>OSDE ORGANIZACION DE SERVICIOS DIRECTOS EMPRESARIOS</denominacion>
			<descBasica>30546741253 - OSDE ORGANIZACION DE SERVICIOS DIRECTOS EMPRESARIOS</descBasica>
			<montoTotal>32527.24</montoTotal>
			<periodos>
				<periodo mesDesde="1" mesHasta="1" montoMensual="14446.12"/>
				<periodo mesDesde="2" mesHasta="2" montoMensual="18081.12"/>
			</periodos>
		</deduccion>
	</deducciones>
</presentacion>
