<?xml version="1.0" encoding="UTF-8"?>
<presentacion>
	<periodo>2022</periodo>
	<nroPresentacion>1</nroPresentacion>
	<fechaPresentacion>2022-02-23</fechaPresentacion>
	<empleado>
		<cuit>27175432650</cuit>
		<tipoDoc>80</tipoDoc>
		<apellido>VEGA</apellido>
		<nombre>MARTA ALICIA</nombre>
		<direccion>
			<provincia>1</provincia>
			<cp>1872</cp>
			<localidad>SARANDI</localidad>
			<calle>CTE. SPURR</calle>
			<nro>368</nro>
			<piso>1</piso>
			<dpto>1</dpto>
		</direccion>
	</empleado>
	<deducciones>
		<deduccion tipo="1">
			<tipoDoc>80</tipoDoc>
			<nroDoc>30683032227</nroDoc>
			<denominacion>OBRA SOCIAL UNION PERSONAL DE LA UNION  DEL PERSONAL CIVIL DE LA NACION</denominacion>
			<descBasica>30683032227 - OBRA SOCIAL UNION PERSONAL DE LA UNION  DEL PERSONAL CIVIL DE LA NACION</descBasica>
			<montoTotal>50361.48</montoTotal>
			<periodos>
				<periodo mesDesde="1" mesHasta="2" montoMensual="25180.74"/>
			</periodos>
		</deduccion>
		<deduccion tipo="2">
			<tipoDoc>80</tipoDoc>
			<nroDoc>30687145522</nroDoc>
			<denominacion>GALICIA SEGUROS S.A.U.</denominacion>
			<descBasica>30687145522 - GALICIA SEGUROS S.A.U.</descBasica>
			<montoTotal>1667.1</montoTotal>
			<periodos>
				<periodo mesDesde="1" mesHasta="2" montoMensual="833.55"/>
			</periodos>
		</deduccion>
		<deduccion tipo="3">
			<tipoDoc>80</tipoDoc>
			<nroDoc>30662117273</nroDoc>
			<denominacion>FONDO DE LAS NACIONES UNIDAS PARA LA INFANCIA UNICEF</denominacion>
			<descBasica>30662117273 - FONDO DE LAS NACIONES UNIDAS PARA LA INFANCIA UNICEF</descBasica>
			<montoTotal>1600</montoTotal>
			<periodos>
				<periodo mesDesde="1" mesHasta="2" montoMensual="800"/>
			</periodos>
		</deduccion>
	</deducciones>
</presentacion>
