<?xml version="1.0" encoding="UTF-8"?>
<presentacion>
	<periodo>2022</periodo>
	<nroPresentacion>3</nroPresentacion>
	<fechaPresentacion>2022-03-31</fechaPresentacion>
	<empleado>
		<cuit>27183191530</cuit>
		<tipoDoc>80</tipoDoc>
		<apellido>YANZON</apellido>
		<nombre>DELIA MARCELA</nombre>
		<direccion>
			<provincia>1</provincia>
			<cp>1875</cp>
			<localidad>WILDE</localidad>
			<calle>LAS FLORES</calle>
			<nro>1600</nro>
			<piso>6</piso>
			<dpto>A</dpto>
		</direccion>
	</empleado>
	<deducciones>
		<deduccion tipo="1">
			<tipoDoc>80</tipoDoc>
			<nroDoc>30657314974</nroDoc>
			<denominacion>OBRA SOCIAL DEL PERSONAL DEL ORGANISMO DE CONTROL EXTERNO</denominacion>
			<descBasica>30657314974 - OBRA SOCIAL DEL PERSONAL DEL ORGANISMO DE CONTROL EXTERNO</descBasica>
			<montoTotal>24216</montoTotal>
			<periodos>
				<periodo mesDesde="1" mesHasta="1" montoMensual="7019"/>
				<periodo mesDesde="2" mesHasta="2" montoMensual="7837"/>
				<periodo mesDesde="3" mesHasta="3" montoMensual="9360"/>
			</periodos>
		</deduccion>
	</deducciones>
</presentacion>
