<?xml version="1.0" encoding="UTF-8"?>
<presentacion>
	<periodo>2022</periodo>
	<nroPresentacion>1</nroPresentacion>
	<fechaPresentacion>2022-01-05</fechaPresentacion>
	<empleado>
		<cuit>27208638934</cuit>
		<tipoDoc>86</tipoDoc>
		<apellido>FIORENTINO</apellido>
		<nombre>MARIA EUGENIA</nombre>
		<direccion>
			<provincia>1</provincia>
			<cp>1872</cp>
			<localidad>SARANDI</localidad>
			<calle>SUIPACHA</calle>
			<nro>754</nro>
		</direccion>
	</empleado>
	<cargasFamilia>
		<cargaFamilia>
			<tipoDoc>86</tipoDoc>
			<nroDoc>27490051274</nroDoc>
			<apellido>MARTIN CAMILA ZOE</apellido>
			<nombre></nombre>
			<fechaNac>2008-11-18</fechaNac>
			<mesDesde>1</mesDesde>
			<mesHasta>12</mesHasta>
			<parentesco>3</parentesco>
			<vigenteProximosPeriodos>S</vigenteProximosPeriodos>
			<porcentajeDeduccion>100</porcentajeDeduccion>
		</cargaFamilia>
		<cargaFamilia>
			<tipoDoc>86</tipoDoc>
			<nroDoc>20450737411</nroDoc>
			<apellido>MARTIN</apellido>
			<nombre>JUAN CRUZ</nombre>
			<fechaNac>2003-09-27</fechaNac>
			<mesDesde>1</mesDesde>
			<mesHasta>12</mesHasta>
			<parentesco>31</parentesco>
			<vigenteProximosPeriodos>S</vigenteProximosPeriodos>
			<porcentajeDeduccion>100</porcentajeDeduccion>
		</cargaFamilia>
	</cargasFamilia>
	<deducciones>
		<deduccion tipo="1">
			<tipoDoc>80</tipoDoc>
			<nroDoc>30546741253</nroDoc>
			<denominacion>OSDE ORGANIZACION DE SERVICIOS DIRECTOS EMPRESARIOS</denominacion>
			<descBasica>30546741253 - OSDE ORGANIZACION DE SERVICIOS DIRECTOS EMPRESARIOS</descBasica>
			<montoTotal>0.01</montoTotal>
			<periodos>
				<periodo mesDesde="1" mesHasta="1" montoMensual="0.01"/>
			</periodos>
		</deduccion>
	</deducciones>
</presentacion>
