<?xml version="1.0" encoding="UTF-8"?>
<presentacion>
	<periodo>2022</periodo>
	<nroPresentacion>1</nroPresentacion>
	<fechaPresentacion>2022-04-07</fechaPresentacion>
	<empleado>
		<cuit>27219725529</cuit>
		<tipoDoc>80</tipoDoc>
		<apellido>CEJAS</apellido>
		<nombre>MARIA GABRIELA</nombre>
		<direccion>
			<provincia>0</provincia>
			<cp>1416</cp>
			<localidad>Ciudad de Buenos Aires</localidad>
			<calle>RODRIGUEZ M. A. GRAL</calle>
			<nro>1674</nro>
		</direccion>
	</empleado>
	<deducciones>
		<deduccion tipo="1">
			<tipoDoc>80</tipoDoc>
			<nroDoc>30545847473</nroDoc>
			<denominacion>CENTRO GALLEGO DE BUENOS AIRES MUTUALIDAD CULTURA ACCION SOCIAL</denominacion>
			<descBasica>30545847473 - CENTRO GALLEGO DE BUENOS AIRES MUTUALIDAD CULTURA ACCION SOCIAL</descBasica>
			<montoTotal>49500</montoTotal>
			<periodos>
				<periodo mesDesde="1" mesHasta="4" montoMensual="12375"/>
			</periodos>
		</deduccion>
		<deduccion tipo="1">
			<tipoDoc>80</tipoDoc>
			<nroDoc>30633156200</nroDoc>
			<denominacion>GRUPO PARAMEDIC  S.A.</denominacion>
			<descBasica>30633156200 - GRUPO PARAMEDIC  S.A.</descBasica>
			<montoTotal>25040</montoTotal>
			<periodos>
				<periodo mesDesde="1" mesHasta="4" montoMensual="6260"/>
			</periodos>
		</deduccion>
		<deduccion tipo="2">
			<tipoDoc>80</tipoDoc>
			<nroDoc>30500064230</nroDoc>
			<denominacion>BBVA SEGUROS ARGENTINA S.A.</denominacion>
			<descBasica>30500064230 - BBVA SEGUROS ARGENTINA S.A.</descBasica>
			<montoTotal>8200</montoTotal>
			<periodos>
				<periodo mesDesde="1" mesHasta="4" montoMensual="2050"/>
			</periodos>
		</deduccion>
		<deduccion tipo="3">
			<tipoDoc>80</tipoDoc>
			<nroDoc>30517312904</nroDoc>
			<denominacion>CONFERENCIA EPISCOPAL ARGENTINA</denominacion>
			<descBasica>30517312904 - CONFERENCIA EPISCOPAL ARGENTINA</descBasica>
			<montoTotal>20800</montoTotal>
			<periodos>
				<periodo mesDesde="1" mesHasta="4" montoMensual="5200"/>
			</periodos>
		</deduccion>
		<deduccion tipo="4">
			<tipoDoc>80</tipoDoc>
			<nroDoc>30617275801</nroDoc>
			<denominacion>INMOBILIARIA Y FINANCIERA LA CAPITAL SA</denominacion>
			<descBasica>30617275801 - INMOBILIARIA Y FINANCIERA LA CAPITAL SA</descBasica>
			<montoTotal>9820</montoTotal>
			<periodos>
				<periodo mesDesde="1" mesHasta="4" montoMensual="2455"/>
			</periodos>
		</deduccion>
		<deduccion tipo="24">
			<tipoDoc>80</tipoDoc>
			<nroDoc>30678574097</nroDoc>
			<denominacion>CONSOLIDAR COMPAÑIA DE SEGUROS DE RETIRO S A</denominacion>
			<descBasica>30678574097 - CONSOLIDAR COMPAÑIA DE SEGUROS DE RETIRO S A</descBasica>
			<montoTotal>8200</montoTotal>
			<periodos>
				<periodo mesDesde="1" mesHasta="4" montoMensual="2050"/>
			</periodos>
		</deduccion>
	</deducciones>
</presentacion>
