<?xml version="1.0" encoding="UTF-8"?>
<presentacion>
	<periodo>2022</periodo>
	<nroPresentacion>3</nroPresentacion>
	<fechaPresentacion>2022-03-09</fechaPresentacion>
	<empleado>
		<cuit>27238794027</cuit>
		<tipoDoc>86</tipoDoc>
		<apellido>DE SALAZAR MONICA ELIZABETH</apellido>
		<nombre></nombre>
		<direccion>
			<provincia>1</provincia>
			<cp>1875</cp>
			<localidad>Wilde</localidad>
			<calle>Merlo</calle>
			<nro>5481</nro>
			<piso>PB</piso>
		</direccion>
	</empleado>
	<cargasFamilia>
		<cargaFamilia>
			<tipoDoc>86</tipoDoc>
			<nroDoc>27508952509</nroDoc>
			<apellido>RAMOS DE SALAZAR</apellido>
			<nombre>TRIANA IRINA</nombre>
			<fechaNac>2011-04-12</fechaNac>
			<mesDesde>1</mesDesde>
			<mesHasta>12</mesHasta>
			<parentesco>3</parentesco>
			<vigenteProximosPeriodos>S</vigenteProximosPeriodos>
			<porcentajeDeduccion>100</porcentajeDeduccion>
		</cargaFamilia>
	</cargasFamilia>
	<deducciones>
		<deduccion tipo="1">
			<tipoDoc>80</tipoDoc>
			<nroDoc>30628249527</nroDoc>
			<denominacion>INSTITUTO DE OBRA MEDICO ASISTENCIAL</denominacion>
			<descBasica>30628249527 - INSTITUTO DE OBRA MEDICO ASISTENCIAL</descBasica>
			<montoTotal>2512.98</montoTotal>
			<periodos>
				<periodo mesDesde="1" mesHasta="1" montoMensual="2512.98"/>
			</periodos>
		</deduccion>
		<deduccion tipo="1">
			<tipoDoc>80</tipoDoc>
			<nroDoc>30697752222</nroDoc>
			<denominacion>SOY MAGA SOL WILDE S C S</denominacion>
			<descBasica>30697752222 - SOY MAGA SOL WILDE S C S</descBasica>
			<montoTotal>1467.99</montoTotal>
			<periodos>
				<periodo mesDesde="1" mesHasta="1" montoMensual="1467.99"/>
			</periodos>
		</deduccion>
		<deduccion tipo="1">
			<tipoDoc>80</tipoDoc>
			<nroDoc>30707651977</nroDoc>
			<denominacion>CENTRO DE OJOS QUILMES S A</denominacion>
			<descBasica>30707651977 - CENTRO DE OJOS QUILMES S A</descBasica>
			<montoTotal>1500</montoTotal>
			<periodos>
				<periodo mesDesde="3" mesHasta="3" montoMensual="1500"/>
			</periodos>
		</deduccion>
		<deduccion tipo="1">
			<tipoDoc>80</tipoDoc>
			<nroDoc>33710854969</nroDoc>
			<denominacion>LABORATORIO WILDE S.R.L.</denominacion>
			<descBasica>33710854969 - LABORATORIO WILDE S.R.L.</descBasica>
			<montoTotal>200</montoTotal>
			<periodos>
				<periodo mesDesde="1" mesHasta="1" montoMensual="200"/>
			</periodos>
		</deduccion>
		<deduccion tipo="21">
			<tipoDoc>80</tipoDoc>
			<nroDoc>30500781293</nroDoc>
			<denominacion>GRIMOLDI SOCIEDAD ANONIMA</denominacion>
			<descBasica>30500781293 - GRIMOLDI SOCIEDAD ANONIMA</descBasica>
			<montoTotal>3920</montoTotal>
			<periodos>
				<periodo mesDesde="2" mesHasta="2" montoMensual="3920.00"/>
			</periodos>
		</deduccion>
		<deduccion tipo="21">
			<tipoDoc>80</tipoDoc>
			<nroDoc>30708157054</nroDoc>
			<denominacion>MDQ LE SPORT S.A.</denominacion>
			<descBasica>30708157054 - MDQ LE SPORT S.A.</descBasica>
			<montoTotal>10798</montoTotal>
			<periodos>
				<periodo mesDesde="2" mesHasta="2" montoMensual="10798.00"/>
			</periodos>
		</deduccion>
		<deduccion tipo="21">
			<tipoDoc>80</tipoDoc>
			<nroDoc>30708365366</nroDoc>
			<denominacion>DEPORTES PIZZUTI S.R.L.</denominacion>
			<descBasica>30708365366 - DEPORTES PIZZUTI S.R.L.</descBasica>
			<montoTotal>3900</montoTotal>
			<periodos>
				<periodo mesDesde="1" mesHasta="1" montoMensual="3900.00"/>
			</periodos>
		</deduccion>
	</deducciones>
</presentacion>
