<?xml version="1.0" encoding="UTF-8"?>
<presentacion>
	<periodo>2022</periodo>
	<nroPresentacion>2</nroPresentacion>
	<fechaPresentacion>2022-03-21</fechaPresentacion>
	<empleado>
		<cuit>27230605578</cuit>
		<tipoDoc>86</tipoDoc>
		<apellido>GRECCO ADRIANA GABRIELA</apellido>
		<nombre></nombre>
		<direccion>
			<provincia>1</provincia>
			<cp>1824</cp>
			<localidad>lanus</localidad>
			<calle>Bueras</calle>
			<nro>351</nro>
		</direccion>
	</empleado>
	<cargasFamilia>
		<cargaFamilia>
			<tipoDoc>86</tipoDoc>
			<nroDoc>27468757708</nroDoc>
			<apellido>SISO CLAUDINA</apellido>
			<nombre></nombre>
			<fechaNac>2005-08-08</fechaNac>
			<mesDesde>1</mesDesde>
			<mesHasta>12</mesHasta>
			<parentesco>3</parentesco>
			<vigenteProximosPeriodos>S</vigenteProximosPeriodos>
			<porcentajeDeduccion>100</porcentajeDeduccion>
		</cargaFamilia>
	</cargasFamilia>
	<deducciones>
		<deduccion tipo="1">
			<tipoDoc>80</tipoDoc>
			<nroDoc>30683032227</nroDoc>
			<denominacion>OBRA SOCIAL UNION PERSONAL DE LA UNION  DEL PERSONAL CIVIL DE LA NACION</denominacion>
			<descBasica>30683032227 - OBRA SOCIAL UNION PERSONAL DE LA UNION  DEL PERSONAL CIVIL DE LA NACION</descBasica>
			<montoTotal>31472.61</montoTotal>
			<periodos>
				<periodo mesDesde="1" mesHasta="3" montoMensual="10490.87"/>
			</periodos>
		</deduccion>
		<deduccion tipo="21">
			<tipoDoc>80</tipoDoc>
			<nroDoc>30548083156</nroDoc>
			<denominacion>COTO CENTRO INTEGRAL DE COMERCIALIZACION SOCIEDAD ANONIMA</denominacion>
			<descBasica>30548083156 - COTO CENTRO INTEGRAL DE COMERCIALIZACION SOCIEDAD ANONIMA</descBasica>
			<montoTotal>6018.71</montoTotal>
			<periodos>
				<periodo mesDesde="3" mesHasta="3" montoMensual="6018.71"/>
			</periodos>
		</deduccion>
		<deduccion tipo="21">
			<tipoDoc>80</tipoDoc>
			<nroDoc>30678138300</nroDoc>
			<denominacion>DORINKA S.R.L.</denominacion>
			<descBasica>30678138300 - DORINKA S.R.L.</descBasica>
			<montoTotal>6103.89</montoTotal>
			<periodos>
				<periodo mesDesde="3" mesHasta="3" montoMensual="6103.89"/>
			</periodos>
		</deduccion>
		<deduccion tipo="21">
			<tipoDoc>80</tipoDoc>
			<nroDoc>30711264937</nroDoc>
			<denominacion>UOM GERLI  S.C.S.</denominacion>
			<descBasica>30711264937 - UOM GERLI  S.C.S.</descBasica>
			<montoTotal>6782.79</montoTotal>
			<periodos>
				<periodo mesDesde="2" mesHasta="2" montoMensual="3808.75"/>
				<periodo mesDesde="3" mesHasta="3" montoMensual="2974.04"/>
			</periodos>
		</deduccion>
	</deducciones>
	<datosAdicionales>
		<datoAdicional nombre="trabRegPatagonica" mesDesde="1" mesHasta="3" valor="N"/>
		<datoAdicional nombre="jubPensRegPatagonica" mesDesde="1" mesHasta="3" valor="N"/>
		<datoAdicional nombre="jubPensOtrosIngresos" mesDesde="1" mesHasta="3" valor="N"/>
		<datoAdicional nombre="jubPensTribBienes" valor="N"/>
		<datoAdicional nombre="jubPensTribOtrosBienes" valor="N"/>
	</datosAdicionales>
</presentacion>
