<?xml version="1.0" encoding="UTF-8"?>
<presentacion>
	<periodo>2022</periodo>
	<nroPresentacion>2</nroPresentacion>
	<fechaPresentacion>2022-04-03</fechaPresentacion>
	<empleado>
		<cuit>27254739656</cuit>
		<tipoDoc>80</tipoDoc>
		<apellido>BRULLO</apellido>
		<nombre>LUCIANA YANINA</nombre>
		<direccion>
			<provincia>1</provincia>
			<cp>1874</cp>
			<localidad>VILLA DOMINICO</localidad>
			<calle>CHASCOMUS</calle>
			<nro>1589</nro>
		</direccion>
	</empleado>
	<agenteRetencion>
		<cuit>30708049928</cuit>
		<denominacion>FUNDACION INSTITUTO QUIRURGICO DEL CALLAO</denominacion>
	</agenteRetencion>
</presentacion>
