<?xml version="1.0" encoding="UTF-8"?>
<presentacion>
	<periodo>2022</periodo>
	<nroPresentacion>1</nroPresentacion>
	<fechaPresentacion>2022-03-15</fechaPresentacion>
	<empleado>
		<cuit>27250276422</cuit>
		<tipoDoc>80</tipoDoc>
		<apellido>ESPINDOLA</apellido>
		<nombre>NATALIA SILVINA</nombre>
		<direccion>
			<provincia>1</provincia>
			<cp>1824</cp>
			<localidad>LANUS</localidad>
			<calle>FRAY MAMERTO ESQUIU</calle>
			<nro>1077</nro>
		</direccion>
	</empleado>
	<cargasFamilia>
		<cargaFamilia>
			<tipoDoc>86</tipoDoc>
			<nroDoc>27551673389</nroDoc>
			<apellido>SAGOT DUVAUROUX</apellido>
			<nombre>HELENA</nombre>
			<fechaNac>2015-11-17</fechaNac>
			<mesDesde>1</mesDesde>
			<mesHasta>12</mesHasta>
			<parentesco>3</parentesco>
			<vigenteProximosPeriodos>S</vigenteProximosPeriodos>
			<porcentajeDeduccion>100</porcentajeDeduccion>
		</cargaFamilia>
		<cargaFamilia>
			<tipoDoc>86</tipoDoc>
			<nroDoc>23500306874</nroDoc>
			<apellido>SAGOT DUVAUROUX TRINIDAD NATALIA</apellido>
			<nombre></nombre>
			<fechaNac>2010-02-07</fechaNac>
			<mesDesde>1</mesDesde>
			<mesHasta>12</mesHasta>
			<parentesco>3</parentesco>
			<vigenteProximosPeriodos>S</vigenteProximosPeriodos>
			<porcentajeDeduccion>100</porcentajeDeduccion>
		</cargaFamilia>
	</cargasFamilia>
	<deducciones>
		<deduccion tipo="1">
			<tipoDoc>80</tipoDoc>
			<nroDoc>30546741253</nroDoc>
			<denominacion>OSDE ORGANIZACION DE SERVICIOS DIRECTOS EMPRESARIOS</denominacion>
			<descBasica>30546741253 - OSDE ORGANIZACION DE SERVICIOS DIRECTOS EMPRESARIOS</descBasica>
			<montoTotal>7854.32</montoTotal>
			<periodos>
				<periodo mesDesde="1" mesHasta="1" montoMensual="7854.32"/>
			</periodos>
		</deduccion>
	</deducciones>
</presentacion>
