<?xml version="1.0" encoding="UTF-8"?>
<presentacion>
	<periodo>2022</periodo>
	<nroPresentacion>3</nroPresentacion>
	<fechaPresentacion>2022-04-11</fechaPresentacion>
	<empleado>
		<cuit>27251216652</cuit>
		<tipoDoc>80</tipoDoc>
		<apellido>GUITERA</apellido>
		<nombre>MARIA DEL ROSARIO</nombre>
		<direccion>
			<provincia>1</provincia>
			<cp>1876</cp>
			<localidad>BERNAL</localidad>
			<calle>DON BOSCO</calle>
			<nro>440</nro>
		</direccion>
	</empleado>
	<deducciones>
		<deduccion tipo="21">
			<tipoDoc>80</tipoDoc>
			<nroDoc>30710403526</nroDoc>
			<denominacion>FELER GROUP S.A.</denominacion>
			<descBasica>30710403526 - FELER GROUP S.A.</descBasica>
			<montoTotal>24999</montoTotal>
			<periodos>
				<periodo mesDesde="1" mesHasta="1" montoMensual="24999.00"/>
			</periodos>
		</deduccion>
		<deduccion tipo="99">
			<tipoDoc>80</tipoDoc>
			<nroDoc>30541314241</nroDoc>
			<denominacion>COLEGIO DE MEDICOS DE LA PCIA  DE BS  AS</denominacion>
			<descBasica>Cajas Provinciales o Municipales o de Previsión para Profesionales</descBasica>
			<descAdicional>Enero - 30541314241 - COLEGIO DE MEDICOS DE LA PCIA  DE BS  AS</descAdicional>
			<montoTotal>13595</montoTotal>
			<detalles>
				<detalle nombre="motivo" valor="2"/>
				<detalle nombre="mes" valor="1"/>
			</detalles>
		</deduccion>
		<deduccion tipo="99">
			<tipoDoc>80</tipoDoc>
			<nroDoc>30541314241</nroDoc>
			<denominacion>COLEGIO DE MEDICOS DE LA PCIA  DE BS  AS</denominacion>
			<descBasica>Cajas Provinciales o Municipales o de Previsión para Profesionales</descBasica>
			<descAdicional>Febrero - 30541314241 - COLEGIO DE MEDICOS DE LA PCIA  DE BS  AS</descAdicional>
			<montoTotal>13595</montoTotal>
			<detalles>
				<detalle nombre="motivo" valor="2"/>
				<detalle nombre="mes" valor="2"/>
			</detalles>
		</deduccion>
		<deduccion tipo="99">
			<tipoDoc>80</tipoDoc>
			<nroDoc>30541314241</nroDoc>
			<denominacion>COLEGIO DE MEDICOS DE LA PCIA  DE BS  AS</denominacion>
			<descBasica>Cajas Provinciales o Municipales o de Previsión para Profesionales</descBasica>
			<descAdicional>Marzo - 30541314241 - COLEGIO DE MEDICOS DE LA PCIA  DE BS  AS</descAdicional>
			<montoTotal>13595</montoTotal>
			<detalles>
				<detalle nombre="motivo" valor="2"/>
				<detalle nombre="mes" valor="3"/>
			</detalles>
		</deduccion>
		<deduccion tipo="99">
			<tipoDoc>80</tipoDoc>
			<nroDoc>30541314241</nroDoc>
			<denominacion>COLEGIO DE MEDICOS DE LA PCIA  DE BS  AS</denominacion>
			<descBasica>Cajas Provinciales o Municipales o de Previsión para Profesionales</descBasica>
			<descAdicional>Abril - 30541314241 - COLEGIO DE MEDICOS DE LA PCIA  DE BS  AS</descAdicional>
			<montoTotal>13595</montoTotal>
			<detalles>
				<detalle nombre="motivo" valor="2"/>
				<detalle nombre="mes" valor="4"/>
			</detalles>
		</deduccion>
	</deducciones>
</presentacion>
