<?xml version="1.0" encoding="UTF-8"?>
<presentacion>
	<periodo>2022</periodo>
	<nroPresentacion>3</nroPresentacion>
	<fechaPresentacion>2022-04-10</fechaPresentacion>
	<empleado>
		<cuit>27265810891</cuit>
		<tipoDoc>80</tipoDoc>
		<apellido>DASSO</apellido>
		<nombre>ADRIANA SILVIA</nombre>
		<direccion>
			<provincia>1</provincia>
			<cp>1872</cp>
			<localidad>SARANDI</localidad>
			<calle>DORREGO</calle>
			<nro>2781</nro>
		</direccion>
	</empleado>
	<agenteRetencion>
		<cuit>30626983398</cuit>
		<denominacion>MINISTERIO DE SALUD PCIA DE BS AS</denominacion>
	</agenteRetencion>
</presentacion>
