<?xml version="1.0" encoding="UTF-8"?>
<presentacion>
	<periodo>2022</periodo>
	<nroPresentacion>4</nroPresentacion>
	<fechaPresentacion>2022-04-05</fechaPresentacion>
	<empleado>
		<cuit>27340209929</cuit>
		<tipoDoc>80</tipoDoc>
		<apellido>MORENO</apellido>
		<nombre>KARINA</nombre>
		<direccion>
			<provincia>1</provincia>
			<cp>1874</cp>
			<localidad>VILLA DOMINICO</localidad>
			<calle>MERLO</calle>
			<nro>5108</nro>
		</direccion>
	</empleado>
	<deducciones>
		<deduccion tipo="22">
			<tipoDoc>80</tipoDoc>
			<nroDoc>27061517826</nroDoc>
			<denominacion>SANTAMARIA ALICIA CRISTINA</denominacion>
			<descBasica>27061517826 - SANTAMARIA ALICIA CRISTINA</descBasica>
			<montoTotal>41496</montoTotal>
			<periodos>
				<periodo mesDesde="1" mesHasta="1" montoMensual="9624"/>
				<periodo mesDesde="2" mesHasta="4" montoMensual="10624"/>
			</periodos>
		</deduccion>
	</deducciones>
</presentacion>
