<?xml version="1.0" encoding="UTF-8"?>
<presentacion>
	<periodo>2022</periodo>
	<nroPresentacion>3</nroPresentacion>
	<fechaPresentacion>2022-03-02</fechaPresentacion>
	<empleado>
		<cuit>27925229070</cuit>
		<tipoDoc>80</tipoDoc>
		<apellido>BENECH</apellido>
		<nombre>CLAUDIA ANDREA</nombre>
		<direccion>
			<provincia>1</provincia>
			<cp>1869</cp>
			<localidad>GERLI</localidad>
			<calle>CAMPICHUELO</calle>
			<nro>1504</nro>
		</direccion>
	</empleado>
	<deducciones>
		<deduccion tipo="2">
			<tipoDoc>80</tipoDoc>
			<nroDoc>33999242109</nroDoc>
			<denominacion>BANCO DE LA PROVINCIA DE BUENOS AIRES</denominacion>
			<descBasica>33999242109 - BANCO DE LA PROVINCIA DE BUENOS AIRES</descBasica>
			<montoTotal>146.22</montoTotal>
			<periodos>
				<periodo mesDesde="1" mesHasta="1" montoMensual="73.2"/>
				<periodo mesDesde="2" mesHasta="2" montoMensual="73.02"/>
			</periodos>
		</deduccion>
		<deduccion tipo="4">
			<tipoDoc>80</tipoDoc>
			<nroDoc>33999242109</nroDoc>
			<denominacion>BANCO DE LA PROVINCIA DE BUENOS AIRES</denominacion>
			<descBasica>33999242109 - BANCO DE LA PROVINCIA DE BUENOS AIRES</descBasica>
			<montoTotal>4580.44</montoTotal>
			<periodos>
				<periodo mesDesde="1" mesHasta="1" montoMensual="2251.83"/>
				<periodo mesDesde="2" mesHasta="2" montoMensual="2328.61"/>
			</periodos>
		</deduccion>
		<deduccion tipo="99">
			<tipoDoc>80</tipoDoc>
			<nroDoc>30599421846</nroDoc>
			<denominacion>CAJA DE SEGURIDAD SOCIAL PARA LOS PROFESIONALES EN CIENCIAS EC</denominacion>
			<descBasica>Cajas Provinciales o Municipales o de Previsión para Profesionales</descBasica>
			<descAdicional>Enero - 30599421846 - CAJA DE SEGURIDAD SOCIAL PARA LOS PROFESIONALES EN CIENCIAS EC</descAdicional>
			<montoTotal>358.16</montoTotal>
			<detalles>
				<detalle nombre="motivo" valor="2"/>
				<detalle nombre="mes" valor="1"/>
			</detalles>
		</deduccion>
		<deduccion tipo="99">
			<tipoDoc>80</tipoDoc>
			<nroDoc>30599421846</nroDoc>
			<denominacion>CAJA DE SEGURIDAD SOCIAL PARA LOS PROFESIONALES EN CIENCIAS EC</denominacion>
			<descBasica>Cajas Provinciales o Municipales o de Previsión para Profesionales</descBasica>
			<descAdicional>Enero - 30599421846 - CAJA DE SEGURIDAD SOCIAL PARA LOS PROFESIONALES EN CIENCIAS EC</descAdicional>
			<montoTotal>358.16</montoTotal>
			<detalles>
				<detalle nombre="motivo" valor="2"/>
				<detalle nombre="mes" valor="1"/>
			</detalles>
		</deduccion>
		<deduccion tipo="99">
			<tipoDoc>80</tipoDoc>
			<nroDoc>30599421846</nroDoc>
			<denominacion>CAJA DE SEGURIDAD SOCIAL PARA LOS PROFESIONALES EN CIENCIAS EC</denominacion>
			<descBasica>Cajas Provinciales o Municipales o de Previsión para Profesionales</descBasica>
			<descAdicional>Enero - 30599421846 - CAJA DE SEGURIDAD SOCIAL PARA LOS PROFESIONALES EN CIENCIAS EC</descAdicional>
			<montoTotal>358.16</montoTotal>
			<detalles>
				<detalle nombre="motivo" valor="2"/>
				<detalle nombre="mes" valor="1"/>
			</detalles>
		</deduccion>
	</deducciones>
</presentacion>
