<?xml version="1.0" encoding="UTF-8"?>
<presentacion>
	<periodo>2025</periodo>
	<nroPresentacion>5</nroPresentacion>
	<fechaPresentacion>2025-05-12</fechaPresentacion>
	<empleado>
		<cuit>23162997564</cuit>
		<tipoDoc>80</tipoDoc>
		<apellido>CESPEDES</apellido>
		<nombre>MERCEDES ESTELA</nombre>
		<direccion>
			<provincia>0</provincia>
			<cp>1406</cp>
			<localidad>Ciudad de Buenos Aires</localidad>
			<calle>DIAZ AVELINO</calle>
			<nro>1757</nro>
			<dpto>B</dpto>
		</direccion>
	</empleado>
	<agenteRetencion>
		<cuit>30546694263</cuit>
		<denominacion>GENDARMERIA NACIONAL</denominacion>
	</agenteRetencion>
</presentacion>
