<?xml version="1.0" encoding="UTF-8"?>
<presentacion version="1.22">
	<periodo>2025</periodo>
	<nroPresentacion>1</nroPresentacion>
	<fechaPresentacion>2025-02-11</fechaPresentacion>
	<empleado>
		<cuit>27188215217</cuit>
		<tipoDoc>80</tipoDoc>
		<apellido>GONZALEZ SOSA</apellido>
		<nombre>ROSA EDIT</nombre>
		<direccion>
			<provincia>1</provincia>
			<cp>1824</cp>
			<localidad>LANUS</localidad>
			<calle>BV GOBERNADOR MARTIN RODRIGUEZ</calle>
			<nro>2227</nro>
			<dpto>1</dpto>
		</direccion>
	</empleado>
	<cargasFamilia>
		<cargaFamilia>
			<tipoDoc>86</tipoDoc>
			<nroDoc>20537557606</nroDoc>
			<apellido>DEL ZOTTO GERARDO NATANIEL</apellido>
			<nombre></nombre>
			<fechaNac>2014-01-30</fechaNac>
			<mesDesde>1</mesDesde>
			<mesHasta>12</mesHasta>
			<parentesco>3</parentesco>
			<vigenteProximosPeriodos>S</vigenteProximosPeriodos>
			<porcentajeDeduccion>100</porcentajeDeduccion>
		</cargaFamilia>
	</cargasFamilia>
	<deducciones>
		<deduccion tipo="1">
			<tipoDoc>80</tipoDoc>
			<nroDoc>30547416011</nroDoc>
			<denominacion>OBRA SOCIAL DEL PERSONAL DE DIRECCION DE LA IND PRIVADA DEL PETROLEO</denominacion>
			<descBasica>30547416011 - OBRA SOCIAL DEL PERSONAL DE DIRECCION DE LA IND PRIVADA DEL PETROLEO</descBasica>
			<montoTotal>197959.5</montoTotal>
			<periodos>
				<periodo mesDesde="1" mesHasta="1" montoMensual="97567.8"/>
				<periodo mesDesde="2" mesHasta="2" montoMensual="100391.7"/>
			</periodos>
		</deduccion>
		<deduccion tipo="99">
			<tipoDoc>80</tipoDoc>
			<nroDoc>30599421846</nroDoc>
			<denominacion>CAJA DE SEGURIDAD SOCIAL PARA LOS PROFESIONALES EN CIENCIAS EC</denominacion>
			<descBasica>Cajas Provinciales o Municipales o de Previsión para Profesionales</descBasica>
			<descAdicional>Enero - 30599421846 - CAJA DE SEGURIDAD SOCIAL PARA LOS PROFESIONALES EN CIENCIAS EC</descAdicional>
			<montoTotal>113610.97</montoTotal>
			<detalles>
				<detalle nombre="motivo" valor="2"/>
				<detalle nombre="mes" valor="1"/>
			</detalles>
		</deduccion>
		<deduccion tipo="99">
			<tipoDoc>80</tipoDoc>
			<nroDoc>30599421846</nroDoc>
			<denominacion>CAJA DE SEGURIDAD SOCIAL PARA LOS PROFESIONALES EN CIENCIAS EC</denominacion>
			<descBasica>Cajas Provinciales o Municipales o de Previsión para Profesionales</descBasica>
			<descAdicional>Febrero - 30599421846 - CAJA DE SEGURIDAD SOCIAL PARA LOS PROFESIONALES EN CIENCIAS EC</descAdicional>
			<montoTotal>121940.05</montoTotal>
			<detalles>
				<detalle nombre="motivo" valor="2"/>
				<detalle nombre="mes" valor="2"/>
			</detalles>
		</deduccion>
	</deducciones>
</presentacion>
