<?xml version="1.0" encoding="UTF-8"?>
<presentacion version="1.22">
	<periodo>2025</periodo>
	<nroPresentacion>2</nroPresentacion>
	<fechaPresentacion>2025-03-15</fechaPresentacion>
	<empleado>
		<cuit>27225268938</cuit>
		<tipoDoc>80</tipoDoc>
		<apellido>MARTIN</apellido>
		<nombre>VANESA ANA</nombre>
		<direccion>
			<provincia>1</provincia>
			<cp>1870</cp>
			<localidad>AVELLANEDA</localidad>
			<calle>R GUTIERREZ</calle>
			<nro>827</nro>
			<dpto>2</dpto>
		</direccion>
	</empleado>
	<cargasFamilia>
		<cargaFamilia>
			<tipoDoc>80</tipoDoc>
			<nroDoc>20241679471</nroDoc>
			<apellido>KERNC</apellido>
			<nombre>HUGO ARNALDO</nombre>
			<fechaNac>1975-01-17</fechaNac>
			<mesDesde>1</mesDesde>
			<mesHasta>12</mesHasta>
			<parentesco>1</parentesco>
			<vigenteProximosPeriodos>S</vigenteProximosPeriodos>
			<porcentajeDeduccion>100</porcentajeDeduccion>
		</cargaFamilia>
		<cargaFamilia>
			<tipoDoc>86</tipoDoc>
			<nroDoc>20498909060</nroDoc>
			<apellido>KERNC</apellido>
			<nombre>ARIAN JOAQUIN</nombre>
			<fechaNac>2009-11-18</fechaNac>
			<mesDesde>1</mesDesde>
			<mesHasta>12</mesHasta>
			<parentesco>31</parentesco>
			<vigenteProximosPeriodos>S</vigenteProximosPeriodos>
			<porcentajeDeduccion>100</porcentajeDeduccion>
		</cargaFamilia>
	</cargasFamilia>
	<deducciones>
		<deduccion tipo="1">
			<tipoDoc>80</tipoDoc>
			<nroDoc>30707972552</nroDoc>
			<denominacion>BRISTOL MEDICINE S. R. L.</denominacion>
			<descBasica>30707972552 - BRISTOL MEDICINE S. R. L.</descBasica>
			<montoTotal>1202065.4</montoTotal>
			<periodos>
				<periodo mesDesde="1" mesHasta="1" montoMensual="383827.1"/>
				<periodo mesDesde="2" mesHasta="2" montoMensual="403951.86"/>
				<periodo mesDesde="3" mesHasta="3" montoMensual="414286.44"/>
			</periodos>
		</deduccion>
	</deducciones>
</presentacion>
