<?xml version="1.0" encoding="UTF-8"?>
<presentacion>
	<periodo>2021</periodo>
	<nroPresentacion>12</nroPresentacion>
	<fechaPresentacion>2022-01-05</fechaPresentacion>
	<empleado>
		<cuit>20173919914</cuit>
		<tipoDoc>80</tipoDoc>
		<apellido>GIMENEZ</apellido>
		<nombre>LUCAS GABRIEL</nombre>
		<direccion>
			<provincia>1</provincia>
			<cp>1874</cp>
			<localidad>VILLA DOMINICO</localidad>
			<calle>BOLIVAR</calle>
			<nro>4985</nro>
		</direccion>
	</empleado>
	<cargasFamilia>
		<cargaFamilia>
			<tipoDoc>86</tipoDoc>
			<nroDoc>27474194448</nroDoc>
			<apellido>GIMENEZ MILAGROS</apellido>
			<nombre></nombre>
			<fechaNac>2006-07-08</fechaNac>
			<mesDesde>1</mesDesde>
			<mesHasta>12</mesHasta>
			<parentesco>3</parentesco>
			<vigenteProximosPeriodos>S</vigenteProximosPeriodos>
			<porcentajeDeduccion>100</porcentajeDeduccion>
		</cargaFamilia>
	</cargasFamilia>
	<ganLiqOtrosEmpEnt>
		<empEnt>
			<cuit>30546671166</cuit>
			<denominacion>UNIVERSIDAD TECNOLOGICA NACIONAL</denominacion>
			<ingresosAportes>
				<ingAp mes="1">
					<obraSoc>6747.43</obraSoc>
					<segSoc>29987.69</segSoc>
					<sind>3748.46</sind>
					<ganBrut>187423.11</ganBrut>
					<retGan>33238.71</retGan>
					<retribNoHab>0</retribNoHab>
					<ajuste>0</ajuste>
					<exeNoAlc>0</exeNoAlc>
					<sac>0</sac>
					<horasExtGr>0</horasExtGr>
					<horasExtEx>0</horasExtEx>
					<matDid>0</matDid>
					<gastosMovViat>0</gastosMovViat>
				</ingAp>
				<ingAp mes="2">
					<obraSoc>7015.34</obraSoc>
					<segSoc>31273.63</segSoc>
					<sind>3909.2</sind>
					<ganBrut>195460.17</ganBrut>
					<retGan>0</retGan>
					<retribNoHab>0</retribNoHab>
					<ajuste>0</ajuste>
					<exeNoAlc>0</exeNoAlc>
					<sac>0</sac>
					<horasExtGr>0</horasExtGr>
					<horasExtEx>0</horasExtEx>
					<matDid>0</matDid>
					<gastosMovViat>0</gastosMovViat>
				</ingAp>
				<ingAp mes="3">
					<obraSoc>7283.24</obraSoc>
					<segSoc>32559.56</segSoc>
					<sind>4069.94</sind>
					<ganBrut>203497.23</ganBrut>
					<retGan>0</retGan>
					<retribNoHab>0</retribNoHab>
					<ajuste>0</ajuste>
					<exeNoAlc>0</exeNoAlc>
					<sac>0</sac>
					<horasExtGr>0</horasExtGr>
					<horasExtEx>0</horasExtEx>
					<matDid>0</matDid>
					<gastosMovViat>0</gastosMovViat>
				</ingAp>
				<ingAp mes="4">
					<obraSoc>7283.24</obraSoc>
					<segSoc>32559.56</segSoc>
					<sind>4069.94</sind>
					<ganBrut>203497.23</ganBrut>
					<retGan>0</retGan>
					<retribNoHab>0</retribNoHab>
					<ajuste>0</ajuste>
					<exeNoAlc>0</exeNoAlc>
					<sac>0</sac>
					<horasExtGr>0</horasExtGr>
					<horasExtEx>0</horasExtEx>
					<matDid>0</matDid>
					<gastosMovViat>0</gastosMovViat>
				</ingAp>
				<ingAp mes="5">
					<obraSoc>8872.59</obraSoc>
					<segSoc>39408.25</segSoc>
					<sind>5023.55</sind>
					<ganBrut>251177.7</ganBrut>
					<retGan>0</retGan>
					<retribNoHab>0</retribNoHab>
					<ajuste>0</ajuste>
					<exeNoAlc>0</exeNoAlc>
					<sac>0</sac>
					<horasExtGr>0</horasExtGr>
					<horasExtEx>0</horasExtEx>
					<matDid>0</matDid>
					<gastosMovViat>0</gastosMovViat>
				</ingAp>
				<ingAp mes="6">
					<obraSoc>15053.71</obraSoc>
					<segSoc>66361.36</segSoc>
					<sind>8461.62</sind>
					<ganBrut>282054.11</ganBrut>
					<retGan>0</retGan>
					<retribNoHab>0</retribNoHab>
					<ajuste>0</ajuste>
					<exeNoAlc>0</exeNoAlc>
					<sac>141027.06</sac>
					<horasExtGr>0</horasExtGr>
					<horasExtEx>0</horasExtEx>
					<matDid>0</matDid>
					<gastosMovViat>0</gastosMovViat>
				</ingAp>
				<ingAp mes="7">
					<obraSoc>12625.18</obraSoc>
					<segSoc>54862.07</segSoc>
					<sind>7275.11</sind>
					<ganBrut>363755.32</ganBrut>
					<retGan>0</retGan>
					<retribNoHab>0</retribNoHab>
					<ajuste>0</ajuste>
					<exeNoAlc>0</exeNoAlc>
					<sac>0</sac>
					<horasExtGr>0</horasExtGr>
					<horasExtEx>0</horasExtEx>
					<matDid>0</matDid>
					<gastosMovViat>0</gastosMovViat>
				</ingAp>
				<ingAp mes="8">
					<obraSoc>13050.62</obraSoc>
					<segSoc>56521.31</segSoc>
					<sind>7530.37</sind>
					<ganBrut>376518.69</ganBrut>
					<retGan>0</retGan>
					<retribNoHab>0</retribNoHab>
					<ajuste>0</ajuste>
					<exeNoAlc>0</exeNoAlc>
					<sac>0</sac>
					<horasExtGr>0</horasExtGr>
					<horasExtEx>0</horasExtEx>
					<matDid>0</matDid>
					<gastosMovViat>0</gastosMovViat>
				</ingAp>
				<ingAp mes="9">
					<obraSoc>13688.79</obraSoc>
					<segSoc>59948.56</segSoc>
					<sind>7913.27</sind>
					<ganBrut>395663.73</ganBrut>
					<retGan>0</retGan>
					<retribNoHab>0</retribNoHab>
					<ajuste>0</ajuste>
					<exeNoAlc>0</exeNoAlc>
					<sac>0</sac>
					<horasExtGr>0</horasExtGr>
					<horasExtEx>0</horasExtEx>
					<matDid>0</matDid>
					<gastosMovViat>0</gastosMovViat>
				</ingAp>
				<ingAp mes="10">
					<obraSoc>14433.32</obraSoc>
					<segSoc>62852.23</segSoc>
					<sind>8359.99</sind>
					<ganBrut>417999.64</ganBrut>
					<retGan>0</retGan>
					<retribNoHab>0</retribNoHab>
					<ajuste>0</ajuste>
					<exeNoAlc>0</exeNoAlc>
					<sac>0</sac>
					<horasExtGr>0</horasExtGr>
					<horasExtEx>0</horasExtEx>
					<matDid>0</matDid>
					<gastosMovViat>0</gastosMovViat>
				</ingAp>
				<ingAp mes="11">
					<obraSoc>14433.32</obraSoc>
					<segSoc>62852.23</segSoc>
					<sind>8359.99</sind>
					<ganBrut>417999.64</ganBrut>
					<retGan>0</retGan>
					<retribNoHab>0</retribNoHab>
					<ajuste>0</ajuste>
					<exeNoAlc>0</exeNoAlc>
					<sac>0</sac>
					<horasExtGr>0</horasExtGr>
					<horasExtEx>0</horasExtEx>
					<matDid>0</matDid>
					<gastosMovViat>0</gastosMovViat>
				</ingAp>
				<ingAp mes="12">
					<obraSoc>18592.99</obraSoc>
					<segSoc>80712.13</segSoc>
					<sind>10215</sind>
					<ganBrut>301749.91</ganBrut>
					<retGan>0</retGan>
					<retribNoHab>0</retribNoHab>
					<ajuste>0</ajuste>
					<exeNoAlc>0</exeNoAlc>
					<sac>208999.82</sac>
					<horasExtGr>0</horasExtGr>
					<horasExtEx>0</horasExtEx>
					<matDid>0</matDid>
					<gastosMovViat>0</gastosMovViat>
				</ingAp>
			</ingresosAportes>
		</empEnt>
	</ganLiqOtrosEmpEnt>
	<deducciones>
		<deduccion tipo="7">
			<tipoDoc>80</tipoDoc>
			<nroDoc>27142773924</nroDoc>
			<denominacion>GIURGIOVICH ALEJANDRA JULIA</denominacion>
			<descBasica>27142773924 - GIURGIOVICH ALEJANDRA JULIA</descBasica>
			<montoTotal>680</montoTotal>
			<periodos>
				<periodo mesDesde="3" mesHasta="3" montoMensual="680.00"/>
			</periodos>
		</deduccion>
		<deduccion tipo="7">
			<tipoDoc>80</tipoDoc>
			<nroDoc>27147016307</nroDoc>
			<denominacion>ALDINGER ELISABET SUSANA</denominacion>
			<descBasica>27147016307 - ALDINGER ELISABET SUSANA</descBasica>
			<montoTotal>2560</montoTotal>
			<periodos>
				<periodo mesDesde="1" mesHasta="1" montoMensual="1440.00"/>
				<periodo mesDesde="8" mesHasta="8" montoMensual="1120.00"/>
			</periodos>
		</deduccion>
	</deducciones>
</presentacion>
