<?xml version="1.0" encoding="UTF-8"?>
<presentacion>
	<periodo>2021</periodo>
	<nroPresentacion>3</nroPresentacion>
	<fechaPresentacion>2022-01-03</fechaPresentacion>
	<empleado>
		<cuit>20172361758</cuit>
		<tipoDoc>80</tipoDoc>
		<apellido>AGUIRRE</apellido>
		<nombre>JORGE RAUL</nombre>
		<direccion>
			<provincia>0</provincia>
			<cp>1407</cp>
			<localidad>Ciudad de Buenos Aires</localidad>
			<calle>GARZON EUGENIO GRAL.</calle>
			<nro>4764</nro>
		</direccion>
	</empleado>
	<cargasFamilia>
		<cargaFamilia>
			<tipoDoc>86</tipoDoc>
			<nroDoc>23226040544</nroDoc>
			<apellido>MENDEZ CLAUDIA ESTELA</apellido>
			<nombre></nombre>
			<fechaNac>1971-08-10</fechaNac>
			<mesDesde>1</mesDesde>
			<mesHasta>12</mesHasta>
			<parentesco>1</parentesco>
			<vigenteProximosPeriodos>S</vigenteProximosPeriodos>
			<porcentajeDeduccion>100</porcentajeDeduccion>
		</cargaFamilia>
		<cargaFamilia>
			<tipoDoc>86</tipoDoc>
			<nroDoc>20459109138</nroDoc>
			<apellido>AGUIRRE</apellido>
			<nombre>LAUTARO FACUNDO</nombre>
			<fechaNac>2004-07-23</fechaNac>
			<mesDesde>1</mesDesde>
			<mesHasta>12</mesHasta>
			<parentesco>3</parentesco>
			<vigenteProximosPeriodos>S</vigenteProximosPeriodos>
			<porcentajeDeduccion>100</porcentajeDeduccion>
		</cargaFamilia>
	</cargasFamilia>
	<retPerPagos>
		<retPerPago tipo="27">
			<tipoDoc>80</tipoDoc>
			<nroDoc>33999242109</nroDoc>
			<denominacion>BANCO DE LA PROVINCIA DE BUENOS AIRES</denominacion>
			<descBasica>33999242109 - BANCO DE LA PROVINCIA DE BUENOS AIRES</descBasica>
			<montoTotal>28437.5</montoTotal>
			<periodos>
				<periodo mesDesde="5" mesHasta="5" montoMensual="6982.5"/>
				<periodo mesDesde="7" mesHasta="7" montoMensual="7052.5"/>
				<periodo mesDesde="8" mesHasta="8" montoMensual="7122.5"/>
				<periodo mesDesde="10" mesHasta="10" montoMensual="7280"/>
			</periodos>
		</retPerPago>
	</retPerPagos>
</presentacion>
