<?xml version="1.0" encoding="UTF-8"?>
<presentacion>
	<periodo>2021</periodo>
	<nroPresentacion>1</nroPresentacion>
	<fechaPresentacion>2022-02-14</fechaPresentacion>
	<empleado>
		<cuit>20173158549</cuit>
		<tipoDoc>80</tipoDoc>
		<apellido>SALA</apellido>
		<nombre>JORGE JACINTO</nombre>
		<direccion>
			<provincia>0</provincia>
			<cp>1070</cp>
			<localidad>Ciudad de Buenos Aires</localidad>
			<calle>PIEDRAS</calle>
			<nro>837</nro>
			<piso>5</piso>
			<dpto>C</dpto>
		</direccion>
	</empleado>
	<ganLiqOtrosEmpEnt>
		<empEnt>
			<cuit>30627393713</cuit>
			<denominacion>DIRECCION GENERAL DE CULTURA Y EDUCACIONDE LA PROVINCIA DE BS AS</denominacion>
			<ingresosAportes>
				<ingAp mes="1">
					<obraSoc>3931.6</obraSoc>
					<segSoc>6749.68</segSoc>
					<sind>376.19</sind>
					<ganBrut>32193.59</ganBrut>
					<retGan>0</retGan>
					<retribNoHab>0</retribNoHab>
					<ajuste>0</ajuste>
					<exeNoAlc>0</exeNoAlc>
					<sac>0</sac>
					<horasExtGr>0</horasExtGr>
					<horasExtEx>0</horasExtEx>
					<matDid>0</matDid>
					<gastosMovViat>0</gastosMovViat>
					<bonosProd>0</bonosProd>
					<remunExentaLey27549>0</remunExentaLey27549>
					<suplemParticLey19101>0</suplemParticLey19101>
					<teletrabajoExento>0</teletrabajoExento>
				</ingAp>
				<ingAp mes="2">
					<obraSoc>3603.16</obraSoc>
					<segSoc>6749.68</segSoc>
					<sind>777.73</sind>
					<ganBrut>32193.63</ganBrut>
					<retGan>0</retGan>
					<retribNoHab>0</retribNoHab>
					<ajuste>0</ajuste>
					<exeNoAlc>0</exeNoAlc>
					<sac>0</sac>
					<horasExtGr>0</horasExtGr>
					<horasExtEx>0</horasExtEx>
					<matDid>0</matDid>
					<gastosMovViat>0</gastosMovViat>
					<bonosProd>0</bonosProd>
					<remunExentaLey27549>0</remunExentaLey27549>
					<suplemParticLey19101>0</suplemParticLey19101>
					<teletrabajoExento>0</teletrabajoExento>
				</ingAp>
				<ingAp mes="3">
					<obraSoc>3833.24</obraSoc>
					<segSoc>6815.71</segSoc>
					<sind>0</sind>
					<ganBrut>37034.07</ganBrut>
					<retGan>0</retGan>
					<retribNoHab>0</retribNoHab>
					<ajuste>0</ajuste>
					<exeNoAlc>0</exeNoAlc>
					<sac>0</sac>
					<horasExtGr>0</horasExtGr>
					<horasExtEx>0</horasExtEx>
					<matDid>0</matDid>
					<gastosMovViat>0</gastosMovViat>
					<bonosProd>0</bonosProd>
					<remunExentaLey27549>0</remunExentaLey27549>
					<suplemParticLey19101>0</suplemParticLey19101>
					<teletrabajoExento>0</teletrabajoExento>
				</ingAp>
				<ingAp mes="4">
					<obraSoc>3833.24</obraSoc>
					<segSoc>6815.71</segSoc>
					<sind>856.1</sind>
					<ganBrut>37034.07</ganBrut>
					<retGan>0</retGan>
					<retribNoHab>0</retribNoHab>
					<ajuste>0</ajuste>
					<exeNoAlc>0</exeNoAlc>
					<sac>0</sac>
					<horasExtGr>0</horasExtGr>
					<horasExtEx>0</horasExtEx>
					<matDid>0</matDid>
					<gastosMovViat>0</gastosMovViat>
					<bonosProd>0</bonosProd>
					<remunExentaLey27549>0</remunExentaLey27549>
					<suplemParticLey19101>0</suplemParticLey19101>
					<teletrabajoExento>0</teletrabajoExento>
				</ingAp>
				<ingAp mes="5">
					<obraSoc>3833.24</obraSoc>
					<segSoc>6815.71</segSoc>
					<sind>856.1</sind>
					<ganBrut>37034.07</ganBrut>
					<retGan>0</retGan>
					<retribNoHab>0</retribNoHab>
					<ajuste>0</ajuste>
					<exeNoAlc>0</exeNoAlc>
					<sac>0</sac>
					<horasExtGr>0</horasExtGr>
					<horasExtEx>0</horasExtEx>
					<matDid>0</matDid>
					<gastosMovViat>0</gastosMovViat>
					<bonosProd>0</bonosProd>
					<remunExentaLey27549>0</remunExentaLey27549>
					<suplemParticLey19101>0</suplemParticLey19101>
					<teletrabajoExento>0</teletrabajoExento>
				</ingAp>
				<ingAp mes="6">
					<obraSoc>6118.01</obraSoc>
					<segSoc>11558</segSoc>
					<sind>1078.78</sind>
					<ganBrut>42205.18</ganBrut>
					<retGan>0</retGan>
					<retribNoHab>0</retribNoHab>
					<ajuste>0</ajuste>
					<exeNoAlc>0</exeNoAlc>
					<sac>17986.3</sac>
					<horasExtGr>0</horasExtGr>
					<horasExtEx>0</horasExtEx>
					<matDid>0</matDid>
					<gastosMovViat>0</gastosMovViat>
					<bonosProd>0</bonosProd>
					<remunExentaLey27549>0</remunExentaLey27549>
					<suplemParticLey19101>0</suplemParticLey19101>
					<teletrabajoExento>0</teletrabajoExento>
				</ingAp>
				<ingAp mes="7">
					<obraSoc>4698.82</obraSoc>
					<segSoc>8845.15</segSoc>
					<sind>984.8</sind>
					<ganBrut>42205.18</ganBrut>
					<retGan>0</retGan>
					<retribNoHab>0</retribNoHab>
					<ajuste>0</ajuste>
					<exeNoAlc>0</exeNoAlc>
					<sac>0</sac>
					<horasExtGr>0</horasExtGr>
					<horasExtEx>0</horasExtEx>
					<matDid>0</matDid>
					<gastosMovViat>0</gastosMovViat>
					<bonosProd>0</bonosProd>
					<remunExentaLey27549>0</remunExentaLey27549>
					<suplemParticLey19101>0</suplemParticLey19101>
					<teletrabajoExento>0</teletrabajoExento>
				</ingAp>
				<ingAp mes="8">
					<obraSoc>4665.39</obraSoc>
					<segSoc>7822.26</segSoc>
					<sind>956.84</sind>
					<ganBrut>42205.18</ganBrut>
					<retGan>0</retGan>
					<retribNoHab>0</retribNoHab>
					<ajuste>0</ajuste>
					<exeNoAlc>0</exeNoAlc>
					<sac>0</sac>
					<horasExtGr>0</horasExtGr>
					<horasExtEx>0</horasExtEx>
					<matDid>0</matDid>
					<gastosMovViat>0</gastosMovViat>
					<bonosProd>0</bonosProd>
					<remunExentaLey27549>0</remunExentaLey27549>
					<suplemParticLey19101>0</suplemParticLey19101>
					<teletrabajoExento>0</teletrabajoExento>
				</ingAp>
				<ingAp mes="9">
					<obraSoc>4567.45</obraSoc>
					<segSoc>8184.26</segSoc>
					<sind>606.38</sind>
					<ganBrut>39322.63</ganBrut>
					<retGan>0</retGan>
					<retribNoHab>0</retribNoHab>
					<ajuste>0</ajuste>
					<exeNoAlc>0</exeNoAlc>
					<sac>0</sac>
					<horasExtGr>0</horasExtGr>
					<horasExtEx>0</horasExtEx>
					<matDid>0</matDid>
					<gastosMovViat>0</gastosMovViat>
					<bonosProd>0</bonosProd>
					<remunExentaLey27549>0</remunExentaLey27549>
					<suplemParticLey19101>0</suplemParticLey19101>
					<teletrabajoExento>0</teletrabajoExento>
				</ingAp>
				<ingAp mes="10">
					<obraSoc>4797.79</obraSoc>
					<segSoc>9412.21</segSoc>
					<sind>1067.78</sind>
					<ganBrut>45369.69</ganBrut>
					<retGan>0</retGan>
					<retribNoHab>0</retribNoHab>
					<ajuste>0</ajuste>
					<exeNoAlc>0</exeNoAlc>
					<sac>0</sac>
					<horasExtGr>0</horasExtGr>
					<horasExtEx>0</horasExtEx>
					<matDid>0</matDid>
					<gastosMovViat>0</gastosMovViat>
					<bonosProd>0</bonosProd>
					<remunExentaLey27549>0</remunExentaLey27549>
					<suplemParticLey19101>0</suplemParticLey19101>
					<teletrabajoExento>0</teletrabajoExento>
				</ingAp>
				<ingAp mes="11">
					<obraSoc>4797.79</obraSoc>
					<segSoc>8338.35</segSoc>
					<sind>606.38</sind>
					<ganBrut>39704.85</ganBrut>
					<retGan>0</retGan>
					<retribNoHab>0</retribNoHab>
					<ajuste>0</ajuste>
					<exeNoAlc>0</exeNoAlc>
					<sac>0</sac>
					<horasExtGr>0</horasExtGr>
					<horasExtEx>0</horasExtEx>
					<matDid>0</matDid>
					<gastosMovViat>0</gastosMovViat>
					<bonosProd>0</bonosProd>
					<remunExentaLey27549>0</remunExentaLey27549>
					<suplemParticLey19101>0</suplemParticLey19101>
					<teletrabajoExento>0</teletrabajoExento>
				</ingAp>
				<ingAp mes="12">
					<obraSoc>7421.27</obraSoc>
					<segSoc>13158.29</segSoc>
					<sind>1491.54</sind>
					<ganBrut>66618.95</ganBrut>
					<retGan>0</retGan>
					<retribNoHab>0</retribNoHab>
					<ajuste>0</ajuste>
					<exeNoAlc>0</exeNoAlc>
					<sac>18008.8</sac>
					<horasExtGr>0</horasExtGr>
					<horasExtEx>0</horasExtEx>
					<matDid>0</matDid>
					<gastosMovViat>0</gastosMovViat>
					<bonosProd>0</bonosProd>
					<remunExentaLey27549>0</remunExentaLey27549>
					<suplemParticLey19101>0</suplemParticLey19101>
					<teletrabajoExento>0</teletrabajoExento>
				</ingAp>
			</ingresosAportes>
		</empEnt>
	</ganLiqOtrosEmpEnt>
	<deducciones>
		<deduccion tipo="1">
			<tipoDoc>80</tipoDoc>
			<nroDoc>30522428163</nroDoc>
			<denominacion>GALENO ARGENTINA SOCIEDAD ANONIMA</denominacion>
			<descBasica>30522428163 - GALENO ARGENTINA SOCIEDAD ANONIMA</descBasica>
			<montoTotal>18097.53</montoTotal>
			<periodos>
				<periodo mesDesde="1" mesHasta="1" montoMensual="1776.74"/>
				<periodo mesDesde="4" mesHasta="4" montoMensual="1609.97"/>
				<periodo mesDesde="5" mesHasta="5" montoMensual="2124.25"/>
				<periodo mesDesde="6" mesHasta="7" montoMensual="1622.54"/>
				<periodo mesDesde="9" mesHasta="9" montoMensual="2652.42"/>
				<periodo mesDesde="10" mesHasta="10" montoMensual="3707.26"/>
				<periodo mesDesde="11" mesHasta="11" montoMensual="2981.81"/>
			</periodos>
		</deduccion>
		<deduccion tipo="7">
			<tipoDoc>80</tipoDoc>
			<nroDoc>20140701786</nroDoc>
			<denominacion>EXPOSITO CRISTIAN ALBERTO</denominacion>
			<descBasica>20140701786 - EXPOSITO CRISTIAN ALBERTO</descBasica>
			<montoTotal>24800</montoTotal>
			<periodos>
				<periodo mesDesde="3" mesHasta="3" montoMensual="9600.00"/>
				<periodo mesDesde="12" mesHasta="12" montoMensual="15200.00"/>
			</periodos>
		</deduccion>
		<deduccion tipo="7">
			<tipoDoc>80</tipoDoc>
			<nroDoc>23250961529</nroDoc>
			<denominacion>EXPOSITO HERNAN</denominacion>
			<descBasica>23250961529 - EXPOSITO HERNAN</descBasica>
			<montoTotal>3680</montoTotal>
			<periodos>
				<periodo mesDesde="11" mesHasta="11" montoMensual="3680.00"/>
			</periodos>
		</deduccion>
	</deducciones>
	<retPerPagos>
		<retPerPago tipo="27">
			<tipoDoc>80</tipoDoc>
			<nroDoc>30500008454</nroDoc>
			<denominacion>BANCO SANTANDER RIO SOCIEDAD ANONIMA</denominacion>
			<descBasica>30500008454 - BANCO SANTANDER RIO SOCIEDAD ANONIMA</descBasica>
			<montoTotal>19813.16</montoTotal>
			<periodos>
				<periodo mesDesde="1" mesHasta="1" montoMensual="976.82"/>
				<periodo mesDesde="2" mesHasta="2" montoMensual="831.51"/>
				<periodo mesDesde="4" mesHasta="4" montoMensual="2048.13"/>
				<periodo mesDesde="5" mesHasta="5" montoMensual="870.89"/>
				<periodo mesDesde="6" mesHasta="6" montoMensual="3529.05"/>
				<periodo mesDesde="8" mesHasta="8" montoMensual="1428.42"/>
				<periodo mesDesde="9" mesHasta="9" montoMensual="1803.03"/>
				<periodo mesDesde="10" mesHasta="10" montoMensual="728.21"/>
				<periodo mesDesde="12" mesHasta="12" montoMensual="7597.1"/>
			</periodos>
		</retPerPago>
	</retPerPagos>
</presentacion>
