<?xml version="1.0" encoding="UTF-8"?>
<presentacion>
	<periodo>2021</periodo>
	<nroPresentacion>1</nroPresentacion>
	<fechaPresentacion>2022-03-02</fechaPresentacion>
	<empleado>
		<cuit>20233149099</cuit>
		<tipoDoc>80</tipoDoc>
		<apellido>FERRE</apellido>
		<nombre>SERGIO LUIS</nombre>
		<direccion>
			<provincia>1</provincia>
			<cp>1875</cp>
			<localidad>WILDE</localidad>
			<calle>SAN NICOLAS</calle>
			<nro>6255</nro>
		</direccion>
	</empleado>
	<cargasFamilia>
		<cargaFamilia>
			<tipoDoc>80</tipoDoc>
			<nroDoc>27255132631</nroDoc>
			<apellido>GUZZI</apellido>
			<nombre>NADIA VERONICA</nombre>
			<fechaNac>1976-09-15</fechaNac>
			<mesDesde>1</mesDesde>
			<mesHasta>12</mesHasta>
			<parentesco>1</parentesco>
			<vigenteProximosPeriodos>S</vigenteProximosPeriodos>
			<porcentajeDeduccion>100</porcentajeDeduccion>
		</cargaFamilia>
		<cargaFamilia>
			<tipoDoc>86</tipoDoc>
			<nroDoc>27481598929</nroDoc>
			<apellido>FERRE GUZZI MICAELA VALENTINA</apellido>
			<nombre></nombre>
			<fechaNac>2007-07-11</fechaNac>
			<mesDesde>1</mesDesde>
			<mesHasta>12</mesHasta>
			<parentesco>3</parentesco>
			<vigenteProximosPeriodos>S</vigenteProximosPeriodos>
			<porcentajeDeduccion>100</porcentajeDeduccion>
		</cargaFamilia>
		<cargaFamilia>
			<tipoDoc>86</tipoDoc>
			<nroDoc>23508425694</nroDoc>
			<apellido>FERRE GUZZI GIULIANA MARTINA</apellido>
			<nombre></nombre>
			<fechaNac>2011-09-07</fechaNac>
			<mesDesde>1</mesDesde>
			<mesHasta>12</mesHasta>
			<parentesco>3</parentesco>
			<vigenteProximosPeriodos>S</vigenteProximosPeriodos>
			<porcentajeDeduccion>100</porcentajeDeduccion>
		</cargaFamilia>
	</cargasFamilia>
	<ganLiqOtrosEmpEnt>
		<empEnt>
			<cuit>30627393713</cuit>
			<denominacion>DIRECCION GENERAL DE CULTURA Y EDUCACIONDE LA PROVINCIA DE BS AS</denominacion>
			<ingresosAportes>
				<ingAp mes="1">
					<obraSoc>167.14</obraSoc>
					<segSoc>557.12</segSoc>
					<sind>0</sind>
					<ganBrut>3965</ganBrut>
					<retGan>0</retGan>
					<retribNoHab>0</retribNoHab>
					<ajuste>0</ajuste>
					<exeNoAlc>484</exeNoAlc>
					<sac>3481.98</sac>
					<horasExtGr>0</horasExtGr>
					<horasExtEx>0</horasExtEx>
					<matDid>0</matDid>
					<gastosMovViat>0</gastosMovViat>
					<bonosProd>0</bonosProd>
					<remunExentaLey27549>0</remunExentaLey27549>
					<suplemParticLey19101>0</suplemParticLey19101>
					<teletrabajoExento>0</teletrabajoExento>
				</ingAp>
				<ingAp mes="2">
					<obraSoc>260</obraSoc>
					<segSoc>867</segSoc>
					<sind>0</sind>
					<ganBrut>5000</ganBrut>
					<retGan>0</retGan>
					<retribNoHab>0</retribNoHab>
					<ajuste>0</ajuste>
					<exeNoAlc>484</exeNoAlc>
					<sac>0</sac>
					<horasExtGr>0</horasExtGr>
					<horasExtEx>0</horasExtEx>
					<matDid>0</matDid>
					<gastosMovViat>0</gastosMovViat>
					<bonosProd>0</bonosProd>
					<remunExentaLey27549>0</remunExentaLey27549>
					<suplemParticLey19101>0</suplemParticLey19101>
					<teletrabajoExento>0</teletrabajoExento>
				</ingAp>
				<ingAp mes="3">
					<obraSoc>300</obraSoc>
					<segSoc>1000.31</segSoc>
					<sind>0</sind>
					<ganBrut>6650</ganBrut>
					<retGan>0</retGan>
					<retribNoHab>0</retribNoHab>
					<ajuste>0</ajuste>
					<exeNoAlc>404</exeNoAlc>
					<sac>828.79</sac>
					<horasExtGr>0</horasExtGr>
					<horasExtEx>0</horasExtEx>
					<matDid>0</matDid>
					<gastosMovViat>0</gastosMovViat>
					<bonosProd>0</bonosProd>
					<remunExentaLey27549>0</remunExentaLey27549>
					<suplemParticLey19101>0</suplemParticLey19101>
					<teletrabajoExento>0</teletrabajoExento>
				</ingAp>
				<ingAp mes="4">
					<obraSoc>0</obraSoc>
					<segSoc>0</segSoc>
					<sind>0</sind>
					<ganBrut>322</ganBrut>
					<retGan>0</retGan>
					<retribNoHab>0</retribNoHab>
					<ajuste>0</ajuste>
					<exeNoAlc>322</exeNoAlc>
					<sac>0</sac>
					<horasExtGr>0</horasExtGr>
					<horasExtEx>0</horasExtEx>
					<matDid>0</matDid>
					<gastosMovViat>0</gastosMovViat>
					<bonosProd>0</bonosProd>
					<remunExentaLey27549>0</remunExentaLey27549>
					<suplemParticLey19101>0</suplemParticLey19101>
					<teletrabajoExento>0</teletrabajoExento>
				</ingAp>
				<ingAp mes="5">
					<obraSoc>0</obraSoc>
					<segSoc>0</segSoc>
					<sind>0</sind>
					<ganBrut>322</ganBrut>
					<retGan>0</retGan>
					<retribNoHab>0</retribNoHab>
					<ajuste>0</ajuste>
					<exeNoAlc>322</exeNoAlc>
					<sac>0</sac>
					<horasExtGr>0</horasExtGr>
					<horasExtEx>0</horasExtEx>
					<matDid>0</matDid>
					<gastosMovViat>0</gastosMovViat>
					<bonosProd>0</bonosProd>
					<remunExentaLey27549>0</remunExentaLey27549>
					<suplemParticLey19101>0</suplemParticLey19101>
					<teletrabajoExento>0</teletrabajoExento>
				</ingAp>
				<ingAp mes="6">
					<obraSoc>0</obraSoc>
					<segSoc>0</segSoc>
					<sind>0</sind>
					<ganBrut>165</ganBrut>
					<retGan>0</retGan>
					<retribNoHab>0</retribNoHab>
					<ajuste>0</ajuste>
					<exeNoAlc>165</exeNoAlc>
					<sac>0</sac>
					<horasExtGr>0</horasExtGr>
					<horasExtEx>0</horasExtEx>
					<matDid>0</matDid>
					<gastosMovViat>0</gastosMovViat>
					<bonosProd>0</bonosProd>
					<remunExentaLey27549>0</remunExentaLey27549>
					<suplemParticLey19101>0</suplemParticLey19101>
					<teletrabajoExento>0</teletrabajoExento>
				</ingAp>
				<ingAp mes="7">
					<obraSoc>5948</obraSoc>
					<segSoc>19826.94</segSoc>
					<sind>0</sind>
					<ganBrut>127048</ganBrut>
					<retGan>0</retGan>
					<retribNoHab>0</retribNoHab>
					<ajuste>0</ajuste>
					<exeNoAlc>2420</exeNoAlc>
					<sac>10638</sac>
					<horasExtGr>0</horasExtGr>
					<horasExtEx>0</horasExtEx>
					<matDid>0</matDid>
					<gastosMovViat>0</gastosMovViat>
					<bonosProd>0</bonosProd>
					<remunExentaLey27549>0</remunExentaLey27549>
					<suplemParticLey19101>0</suplemParticLey19101>
					<teletrabajoExento>710</teletrabajoExento>
				</ingAp>
				<ingAp mes="8">
					<obraSoc>2337.92</obraSoc>
					<segSoc>7793.07</segSoc>
					<sind>0</sind>
					<ganBrut>51836</ganBrut>
					<retGan>0</retGan>
					<retribNoHab>0</retribNoHab>
					<ajuste>0</ajuste>
					<exeNoAlc>2420</exeNoAlc>
					<sac>0</sac>
					<horasExtGr>0</horasExtGr>
					<horasExtEx>0</horasExtEx>
					<matDid>0</matDid>
					<gastosMovViat>0</gastosMovViat>
					<bonosProd>0</bonosProd>
					<remunExentaLey27549>0</remunExentaLey27549>
					<suplemParticLey19101>0</suplemParticLey19101>
					<teletrabajoExento>710</teletrabajoExento>
				</ingAp>
				<ingAp mes="9">
					<obraSoc>2337.92</obraSoc>
					<segSoc>7793.07</segSoc>
					<sind>0</sind>
					<ganBrut>50598.56</ganBrut>
					<retGan>0</retGan>
					<retribNoHab>0</retribNoHab>
					<ajuste>0</ajuste>
					<exeNoAlc>1181.86</exeNoAlc>
					<sac>0</sac>
					<horasExtGr>0</horasExtGr>
					<horasExtEx>0</horasExtEx>
					<matDid>0</matDid>
					<gastosMovViat>0</gastosMovViat>
					<bonosProd>0</bonosProd>
					<remunExentaLey27549>0</remunExentaLey27549>
					<suplemParticLey19101>0</suplemParticLey19101>
					<teletrabajoExento>710</teletrabajoExento>
				</ingAp>
				<ingAp mes="10">
					<obraSoc>2385.75</obraSoc>
					<segSoc>7952.5</segSoc>
					<sind>0</sind>
					<ganBrut>53533.1</ganBrut>
					<retGan>0</retGan>
					<retribNoHab>0</retribNoHab>
					<ajuste>0</ajuste>
					<exeNoAlc>2830</exeNoAlc>
					<sac>0</sac>
					<horasExtGr>0</horasExtGr>
					<horasExtEx>0</horasExtEx>
					<matDid>0</matDid>
					<gastosMovViat>0</gastosMovViat>
					<bonosProd>0</bonosProd>
					<remunExentaLey27549>0</remunExentaLey27549>
					<suplemParticLey19101>0</suplemParticLey19101>
					<teletrabajoExento>1000.7</teletrabajoExento>
				</ingAp>
				<ingAp mes="11">
					<obraSoc>2478.5</obraSoc>
					<segSoc>8261</segSoc>
					<sind>0</sind>
					<ganBrut>55466</ganBrut>
					<retGan>0</retGan>
					<retribNoHab>0</retribNoHab>
					<ajuste>0</ajuste>
					<exeNoAlc>2830</exeNoAlc>
					<sac>0</sac>
					<horasExtGr>0</horasExtGr>
					<horasExtEx>0</horasExtEx>
					<matDid>0</matDid>
					<gastosMovViat>0</gastosMovViat>
					<bonosProd>0</bonosProd>
					<remunExentaLey27549>0</remunExentaLey27549>
					<suplemParticLey19101>0</suplemParticLey19101>
					<teletrabajoExento>1000</teletrabajoExento>
				</ingAp>
				<ingAp mes="12">
					<obraSoc>2586.46</obraSoc>
					<segSoc>8261.54</segSoc>
					<sind>0</sind>
					<ganBrut>57714</ganBrut>
					<retGan>0</retGan>
					<retribNoHab>0</retribNoHab>
					<ajuste>0</ajuste>
					<exeNoAlc>2830</exeNoAlc>
					<sac>0</sac>
					<horasExtGr>0</horasExtGr>
					<horasExtEx>0</horasExtEx>
					<matDid>0</matDid>
					<gastosMovViat>0</gastosMovViat>
					<bonosProd>0</bonosProd>
					<remunExentaLey27549>0</remunExentaLey27549>
					<suplemParticLey19101>0</suplemParticLey19101>
					<teletrabajoExento>1000</teletrabajoExento>
				</ingAp>
			</ingresosAportes>
		</empEnt>
	</ganLiqOtrosEmpEnt>
</presentacion>
