<?xml version="1.0" encoding="UTF-8"?>
<presentacion>
	<periodo>2021</periodo>
	<nroPresentacion>3</nroPresentacion>
	<fechaPresentacion>2022-01-02</fechaPresentacion>
	<empleado>
		<cuit>20325658356</cuit>
		<tipoDoc>86</tipoDoc>
		<apellido>DEGLI INNOCENTI DAMIAN</apellido>
		<nombre></nombre>
		<direccion>
			<provincia>1</provincia>
			<cp>1870</cp>
			<localidad>AVELLANEDA</localidad>
			<calle>V SARFIELD</calle>
			<nro>143</nro>
		</direccion>
	</empleado>
	<deducciones>
		<deduccion tipo="1">
			<tipoDoc>80</tipoDoc>
			<nroDoc>30546741253</nroDoc>
			<denominacion>OSDE ORGANIZACION DE SERVICIOS DIRECTOS EMPRESARIOS</denominacion>
			<descBasica>30546741253 - OSDE ORGANIZACION DE SERVICIOS DIRECTOS EMPRESARIOS</descBasica>
			<montoTotal>4317</montoTotal>
			<periodos>
				<periodo mesDesde="2" mesHasta="3" montoMensual="197"/>
				<periodo mesDesde="4" mesHasta="4" montoMensual="650"/>
				<periodo mesDesde="5" mesHasta="5" montoMensual="1252"/>
				<periodo mesDesde="6" mesHasta="6" montoMensual="2021"/>
			</periodos>
		</deduccion>
		<deduccion tipo="8">
			<tipoDoc>80</tipoDoc>
			<nroDoc>27115416524</nroDoc>
			<denominacion>LEGUIZA MARIA INES</denominacion>
			<descBasica>27115416524 - LEGUIZA MARIA INES</descBasica>
			<montoTotal>335791.92</montoTotal>
			<periodos>
				<periodo mesDesde="1" mesHasta="1" montoMensual="18243.5"/>
				<periodo mesDesde="2" mesHasta="2" montoMensual="21445.1"/>
				<periodo mesDesde="3" mesHasta="3" montoMensual="23296.76"/>
				<periodo mesDesde="4" mesHasta="4" montoMensual="23300.09"/>
				<periodo mesDesde="5" mesHasta="5" montoMensual="23328.19"/>
				<periodo mesDesde="6" mesHasta="6" montoMensual="37660.56"/>
				<periodo mesDesde="7" mesHasta="8" montoMensual="26334.01"/>
				<periodo mesDesde="9" mesHasta="10" montoMensual="29123.05"/>
				<periodo mesDesde="11" mesHasta="11" montoMensual="30549.55"/>
				<periodo mesDesde="12" mesHasta="12" montoMensual="47054.05"/>
			</periodos>
		</deduccion>
	</deducciones>
</presentacion>
