<?xml version="1.0" encoding="UTF-8"?>
<presentacion>
	<periodo>2021</periodo>
	<nroPresentacion>3</nroPresentacion>
	<fechaPresentacion>2022-01-02</fechaPresentacion>
	<empleado>
		<cuit>20352712990</cuit>
		<tipoDoc>80</tipoDoc>
		<apellido>TALENTO</apellido>
		<nombre>JULIAN IGNACIO</nombre>
		<direccion>
			<provincia>0</provincia>
			<cp>1266</cp>
			<localidad>Ciudad de Buenos Aires</localidad>
			<calle>PATRICIOS REGTO. AV.</calle>
			<nro>1485</nro>
			<piso>2</piso>
		</direccion>
	</empleado>
	<deducciones>
		<deduccion tipo="3">
			<tipoDoc>80</tipoDoc>
			<nroDoc>30717237184</nroDoc>
			<denominacion>FRENTE DE TODOS A. P. - ALIANZA</denominacion>
			<descBasica>30717237184 - FRENTE DE TODOS A. P. - ALIANZA</descBasica>
			<montoTotal>55000</montoTotal>
			<periodos>
				<periodo mesDesde="10" mesHasta="10" montoMensual="30000"/>
				<periodo mesDesde="11" mesHasta="11" montoMensual="25000"/>
			</periodos>
		</deduccion>
		<deduccion tipo="7">
			<tipoDoc>80</tipoDoc>
			<nroDoc>23228584819</nroDoc>
			<denominacion>ROLDAN GUIDO</denominacion>
			<descBasica>23228584819 - ROLDAN GUIDO</descBasica>
			<montoTotal>5400</montoTotal>
			<periodos>
				<periodo mesDesde="11" mesHasta="11" montoMensual="3240.00"/>
				<periodo mesDesde="12" mesHasta="12" montoMensual="2160.00"/>
			</periodos>
		</deduccion>
	</deducciones>
</presentacion>
