<?xml version="1.0" encoding="UTF-8"?>
<presentacion>
	<periodo>2021</periodo>
	<nroPresentacion>5</nroPresentacion>
	<fechaPresentacion>2022-03-14</fechaPresentacion>
	<empleado>
		<cuit>23145545374</cuit>
		<tipoDoc>80</tipoDoc>
		<apellido>DIAZ</apellido>
		<nombre>MARIA DEL CARMEN</nombre>
		<direccion>
			<provincia>1</provincia>
			<cp>1872</cp>
			<localidad>SARANDI</localidad>
			<calle>CORONEL ESPORA</calle>
			<nro>586</nro>
		</direccion>
	</empleado>
	<deducciones>
		<deduccion tipo="1">
			<tipoDoc>80</tipoDoc>
			<nroDoc>30657314974</nroDoc>
			<denominacion>OBRA SOCIAL DEL PERSONAL DEL ORGANISMO DE CONTROL EXTERNO</denominacion>
			<descBasica>30657314974 - OBRA SOCIAL DEL PERSONAL DEL ORGANISMO DE CONTROL EXTERNO</descBasica>
			<montoTotal>24206.03</montoTotal>
			<periodos>
				<periodo mesDesde="1" mesHasta="1" montoMensual="2050.03"/>
				<periodo mesDesde="2" mesHasta="2" montoMensual="1656"/>
				<periodo mesDesde="3" mesHasta="3" montoMensual="5957"/>
				<periodo mesDesde="4" mesHasta="4" montoMensual="6009"/>
				<periodo mesDesde="5" mesHasta="5" montoMensual="2311"/>
				<periodo mesDesde="6" mesHasta="6" montoMensual="1940"/>
				<periodo mesDesde="7" mesHasta="7" montoMensual="4283"/>
			</periodos>
		</deduccion>
	</deducciones>
	<retPerPagos>
		<retPerPago tipo="27">
			<tipoDoc>80</tipoDoc>
			<nroDoc>33999242109</nroDoc>
			<denominacion>BANCO DE LA PROVINCIA DE BUENOS AIRES</denominacion>
			<descBasica>33999242109 - BANCO DE LA PROVINCIA DE BUENOS AIRES</descBasica>
			<montoTotal>7297.5</montoTotal>
			<periodos>
				<periodo mesDesde="9" mesHasta="9" montoMensual="3613.75"/>
				<periodo mesDesde="11" mesHasta="11" montoMensual="3683.75"/>
			</periodos>
		</retPerPago>
	</retPerPagos>
</presentacion>
