<?xml version="1.0" encoding="UTF-8"?>
<presentacion>
	<periodo>2021</periodo>
	<nroPresentacion>3</nroPresentacion>
	<fechaPresentacion>2022-01-25</fechaPresentacion>
	<empleado>
		<cuit>23221670094</cuit>
		<tipoDoc>80</tipoDoc>
		<apellido>FIORENTINO</apellido>
		<nombre>MARIA LAURA</nombre>
		<direccion>
			<provincia>0</provincia>
			<cp>1155</cp>
			<localidad>Ciudad de Buenos Aires</localidad>
			<calle>BROWN ALMTE AV.</calle>
			<nro>711</nro>
			<piso>04</piso>
			<dpto>H</dpto>
		</direccion>
	</empleado>
	<deducciones>
		<deduccion tipo="1">
			<tipoDoc>80</tipoDoc>
			<nroDoc>30654855168</nroDoc>
			<denominacion>SWISS MEDICAL S A</denominacion>
			<descBasica>30654855168 - SWISS MEDICAL S A</descBasica>
			<montoTotal>139621.99</montoTotal>
			<periodos>
				<periodo mesDesde="1" mesHasta="1" montoMensual="8543.1"/>
				<periodo mesDesde="2" mesHasta="2" montoMensual="8469.05"/>
				<periodo mesDesde="3" mesHasta="3" montoMensual="8625.9"/>
				<periodo mesDesde="4" mesHasta="4" montoMensual="5145.67"/>
				<periodo mesDesde="5" mesHasta="5" montoMensual="12765.63"/>
				<periodo mesDesde="6" mesHasta="7" montoMensual="11668.51"/>
				<periodo mesDesde="8" mesHasta="8" montoMensual="11239.57"/>
				<periodo mesDesde="9" mesHasta="9" montoMensual="16414.33"/>
				<periodo mesDesde="10" mesHasta="10" montoMensual="12982.96"/>
				<periodo mesDesde="11" mesHasta="11" montoMensual="16121.86"/>
				<periodo mesDesde="12" mesHasta="12" montoMensual="15976.9"/>
			</periodos>
		</deduccion>
	</deducciones>
	<retPerPagos>
		<retPerPago tipo="27">
			<tipoDoc>80</tipoDoc>
			<nroDoc>33999242109</nroDoc>
			<denominacion>BANCO DE LA PROVINCIA DE BUENOS AIRES</denominacion>
			<descBasica>33999242109 - BANCO DE LA PROVINCIA DE BUENOS AIRES</descBasica>
			<montoTotal>14798.43</montoTotal>
			<periodos>
				<periodo mesDesde="1" mesHasta="1" montoMensual="3176.25"/>
				<periodo mesDesde="2" mesHasta="2" montoMensual="1653.75"/>
				<periodo mesDesde="4" mesHasta="4" montoMensual="1723.75"/>
				<periodo mesDesde="7" mesHasta="7" montoMensual="2670.93"/>
				<periodo mesDesde="10" mesHasta="10" montoMensual="1820"/>
				<periodo mesDesde="12" mesHasta="12" montoMensual="3753.75"/>
			</periodos>
		</retPerPago>
	</retPerPagos>
</presentacion>
