<?xml version="1.0" encoding="UTF-8"?>
<presentacion>
	<periodo>2021</periodo>
	<nroPresentacion>10</nroPresentacion>
	<fechaPresentacion>2022-01-25</fechaPresentacion>
	<empleado>
		<cuit>23233379379</cuit>
		<tipoDoc>86</tipoDoc>
		<apellido>SEVILLA GABRIEL HERNAN</apellido>
		<nombre></nombre>
		<direccion>
			<provincia>1</provincia>
			<cp>1870</cp>
			<localidad>AVELLANEDA</localidad>
			<calle>LIMAY</calle>
			<nro>1470</nro>
		</direccion>
	</empleado>
	<cargasFamilia>
		<cargaFamilia>
			<tipoDoc>86</tipoDoc>
			<nroDoc>27528576848</nroDoc>
			<apellido>SEVILLA LOLA ISABELA</apellido>
			<nombre></nombre>
			<fechaNac>2012-11-28</fechaNac>
			<mesDesde>1</mesDesde>
			<mesHasta>12</mesHasta>
			<parentesco>3</parentesco>
			<vigenteProximosPeriodos>S</vigenteProximosPeriodos>
			<porcentajeDeduccion>100</porcentajeDeduccion>
		</cargaFamilia>
	</cargasFamilia>
	<deducciones>
		<deduccion tipo="1">
			<tipoDoc>80</tipoDoc>
			<nroDoc>30546741253</nroDoc>
			<denominacion>OSDE ORGANIZACION DE SERVICIOS DIRECTOS EMPRESARIOS</denominacion>
			<descBasica>30546741253 - OSDE ORGANIZACION DE SERVICIOS DIRECTOS EMPRESARIOS</descBasica>
			<montoTotal>64224.67</montoTotal>
			<periodos>
				<periodo mesDesde="1" mesHasta="1" montoMensual="6067.62"/>
				<periodo mesDesde="2" mesHasta="2" montoMensual="5587.24"/>
				<periodo mesDesde="3" mesHasta="3" montoMensual="5940.57"/>
				<periodo mesDesde="4" mesHasta="4" montoMensual="6093.03"/>
				<periodo mesDesde="5" mesHasta="5" montoMensual="7193.08"/>
				<periodo mesDesde="7" mesHasta="7" montoMensual="6040.06"/>
				<periodo mesDesde="8" mesHasta="8" montoMensual="7676.16"/>
				<periodo mesDesde="9" mesHasta="9" montoMensual="8485.88"/>
				<periodo mesDesde="10" mesHasta="10" montoMensual="11141.03"/>
			</periodos>
		</deduccion>
	</deducciones>
	<retPerPagos>
		<retPerPago tipo="27">
			<tipoDoc>80</tipoDoc>
			<nroDoc>33999242109</nroDoc>
			<denominacion>BANCO DE LA PROVINCIA DE BUENOS AIRES</denominacion>
			<descBasica>33999242109 - BANCO DE LA PROVINCIA DE BUENOS AIRES</descBasica>
			<montoTotal>49245</montoTotal>
			<periodos>
				<periodo mesDesde="2" mesHasta="2" montoMensual="6492.5"/>
				<periodo mesDesde="3" mesHasta="3" montoMensual="3325"/>
				<periodo mesDesde="5" mesHasta="5" montoMensual="3456.25"/>
				<periodo mesDesde="6" mesHasta="6" montoMensual="7026.25"/>
				<periodo mesDesde="7" mesHasta="7" montoMensual="7052.5"/>
				<periodo mesDesde="8" mesHasta="8" montoMensual="7122.5"/>
				<periodo mesDesde="11" mesHasta="11" montoMensual="7350"/>
				<periodo mesDesde="12" mesHasta="12" montoMensual="7420"/>
			</periodos>
		</retPerPago>
	</retPerPagos>
</presentacion>
