<?xml version="1.0" encoding="UTF-8"?>
<presentacion>
	<periodo>2021</periodo>
	<nroPresentacion>3</nroPresentacion>
	<fechaPresentacion>2022-01-03</fechaPresentacion>
	<empleado>
		<cuit>23270252974</cuit>
		<tipoDoc>86</tipoDoc>
		<apellido>TAGLIATA</apellido>
		<nombre>MARISA LAURA</nombre>
		<direccion>
			<provincia>1</provincia>
			<cp>1872</cp>
			<localidad>SARANDI</localidad>
			<calle>TENIENTE CNEL MAGAN</calle>
			<nro>1087</nro>
			<piso>01</piso>
		</direccion>
	</empleado>
	<cargasFamilia>
		<cargaFamilia>
			<tipoDoc>86</tipoDoc>
			<nroDoc>24473417967</nroDoc>
			<apellido>GUILLET</apellido>
			<nombre>VALENTIN NAHUEL</nombre>
			<fechaNac>2006-09-08</fechaNac>
			<mesDesde>1</mesDesde>
			<mesHasta>12</mesHasta>
			<parentesco>3</parentesco>
			<vigenteProximosPeriodos>S</vigenteProximosPeriodos>
			<porcentajeDeduccion>100</porcentajeDeduccion>
		</cargaFamilia>
	</cargasFamilia>
	<deducciones>
		<deduccion tipo="1">
			<tipoDoc>80</tipoDoc>
			<nroDoc>30522428163</nroDoc>
			<denominacion>GALENO ARGENTINA SOCIEDAD ANONIMA</denominacion>
			<descBasica>30522428163 - GALENO ARGENTINA SOCIEDAD ANONIMA</descBasica>
			<montoTotal>65020</montoTotal>
			<periodos>
				<periodo mesDesde="1" mesHasta="3" montoMensual="7500"/>
				<periodo mesDesde="4" mesHasta="4" montoMensual="8200"/>
				<periodo mesDesde="5" mesHasta="5" montoMensual="8270"/>
				<periodo mesDesde="6" mesHasta="6" montoMensual="8630"/>
				<periodo mesDesde="7" mesHasta="8" montoMensual="8710"/>
			</periodos>
		</deduccion>
		<deduccion tipo="1">
			<tipoDoc>80</tipoDoc>
			<nroDoc>30590354798</nroDoc>
			<denominacion>ASOCIACION MUTUAL SANCOR SALUD</denominacion>
			<descBasica>30590354798 - ASOCIACION MUTUAL SANCOR SALUD</descBasica>
			<montoTotal>26628.44</montoTotal>
			<periodos>
				<periodo mesDesde="9" mesHasta="12" montoMensual="6657.11"/>
			</periodos>
		</deduccion>
	</deducciones>
</presentacion>
