<?xml version="1.0" encoding="UTF-8"?>
<presentacion>
	<periodo>2021</periodo>
	<nroPresentacion>2</nroPresentacion>
	<fechaPresentacion>2022-02-19</fechaPresentacion>
	<empleado>
		<cuit>23364004184</cuit>
		<tipoDoc>80</tipoDoc>
		<apellido>NIEVAS</apellido>
		<nombre>NANCY VIVIANA</nombre>
		<direccion>
			<provincia>1</provincia>
			<cp>1872</cp>
			<localidad>SARANDI</localidad>
			<calle>ZÁRATE</calle>
			<nro>576</nro>
		</direccion>
	</empleado>
	<retPerPagos>
		<retPerPago tipo="27">
			<tipoDoc>80</tipoDoc>
			<nroDoc>30715949373</nroDoc>
			<denominacion>GLOBAL FINTECH S.A.</denominacion>
			<descBasica>30715949373 - GLOBAL FINTECH S.A.</descBasica>
			<montoTotal>14028</montoTotal>
			<periodos>
				<periodo mesDesde="8" mesHasta="8" montoMensual="6895"/>
				<periodo mesDesde="11" mesHasta="11" montoMensual="7133"/>
			</periodos>
		</retPerPago>
	</retPerPagos>
</presentacion>
