<?xml version="1.0" encoding="UTF-8"?>
<presentacion>
	<periodo>2021</periodo>
	<nroPresentacion>2</nroPresentacion>
	<fechaPresentacion>2022-01-17</fechaPresentacion>
	<empleado>
		<cuit>24244360080</cuit>
		<tipoDoc>80</tipoDoc>
		<apellido>BARREIRO</apellido>
		<nombre>ROMINA MELISA</nombre>
		<direccion>
			<provincia>1</provincia>
			<cp>1824</cp>
			<localidad>LANUS</localidad>
			<calle>SUIPACHA</calle>
			<nro>1853</nro>
			<dpto>4</dpto>
		</direccion>
	</empleado>
	<ganLiqOtrosEmpEnt>
		<empEnt>
			<cuit>30632072607</cuit>
			<denominacion>HONORABLE CAMARA DE SENADORES PCIA BS AS</denominacion>
			<ingresosAportes/>
		</empEnt>
	</ganLiqOtrosEmpEnt>
	<deducciones>
		<deduccion tipo="8">
			<tipoDoc>86</tipoDoc>
			<nroDoc>27942746674</nroDoc>
			<denominacion>HUAILLA TURPO MARIA </denominacion>
			<descBasica>27942746674 - HUAILLA TURPO MARIA </descBasica>
			<montoTotal>135000</montoTotal>
			<periodos>
				<periodo mesDesde="1" mesHasta="2" montoMensual="8000"/>
				<periodo mesDesde="3" mesHasta="5" montoMensual="10000"/>
				<periodo mesDesde="6" mesHasta="6" montoMensual="15000"/>
				<periodo mesDesde="7" mesHasta="8" montoMensual="10000"/>
				<periodo mesDesde="9" mesHasta="11" montoMensual="12000"/>
				<periodo mesDesde="12" mesHasta="12" montoMensual="18000"/>
			</periodos>
		</deduccion>
	</deducciones>
	<retPerPagos>
		<retPerPago tipo="27">
			<tipoDoc>80</tipoDoc>
			<nroDoc>33999242109</nroDoc>
			<denominacion>BANCO DE LA PROVINCIA DE BUENOS AIRES</denominacion>
			<descBasica>33999242109 - BANCO DE LA PROVINCIA DE BUENOS AIRES</descBasica>
			<montoTotal>14840</montoTotal>
			<periodos>
				<periodo mesDesde="11" mesHasta="11" montoMensual="7402.5"/>
				<periodo mesDesde="12" mesHasta="12" montoMensual="7437.5"/>
			</periodos>
		</retPerPago>
	</retPerPagos>
</presentacion>
