<?xml version="1.0" encoding="UTF-8"?>
<presentacion>
	<periodo>2021</periodo>
	<nroPresentacion>13</nroPresentacion>
	<fechaPresentacion>2022-01-25</fechaPresentacion>
	<empleado>
		<cuit>27106234987</cuit>
		<tipoDoc>80</tipoDoc>
		<apellido>GUTT</apellido>
		<nombre>SUSANA BEATRIZ</nombre>
		<direccion>
			<provincia>1</provincia>
			<cp>1870</cp>
			<localidad>AVELLANEDA</localidad>
			<calle>GRAL. PAZ</calle>
			<nro>8</nro>
			<piso>7</piso>
			<dpto>B</dpto>
		</direccion>
	</empleado>
	<deducciones>
		<deduccion tipo="3">
			<tipoDoc>80</tipoDoc>
			<nroDoc>30717237184</nroDoc>
			<denominacion>FRENTE DE TODOS A. P. - ALIANZA</denominacion>
			<descBasica>30717237184 - FRENTE DE TODOS A. P. - ALIANZA</descBasica>
			<montoTotal>15000</montoTotal>
			<periodos>
				<periodo mesDesde="9" mesHasta="9" montoMensual="15000"/>
			</periodos>
		</deduccion>
		<deduccion tipo="8">
			<tipoDoc>80</tipoDoc>
			<nroDoc>27132352556</nroDoc>
			<denominacion>NAVARRO ESTELA DEL VALLE</denominacion>
			<descBasica>27132352556 - NAVARRO ESTELA DEL VALLE</descBasica>
			<montoTotal>346714.47</montoTotal>
			<periodos>
				<periodo mesDesde="1" mesHasta="2" montoMensual="20266.39"/>
				<periodo mesDesde="3" mesHasta="3" montoMensual="21741.2"/>
				<periodo mesDesde="4" mesHasta="5" montoMensual="23558.9"/>
				<periodo mesDesde="6" mesHasta="6" montoMensual="39412.36"/>
				<periodo mesDesde="7" mesHasta="7" montoMensual="26636.34"/>
				<periodo mesDesde="8" mesHasta="8" montoMensual="26642.01"/>
				<periodo mesDesde="9" mesHasta="10" montoMensual="30876.39"/>
				<periodo mesDesde="11" mesHasta="11" montoMensual="32310.69"/>
				<periodo mesDesde="12" mesHasta="12" montoMensual="50568.51"/>
			</periodos>
		</deduccion>
		<deduccion tipo="8">
			<tipoDoc>80</tipoDoc>
			<nroDoc>27928579846</nroDoc>
			<denominacion>GNEZ NEBOR ELENA ANASTASIA</denominacion>
			<descBasica>27928579846 - GNEZ NEBOR ELENA ANASTASIA</descBasica>
			<montoTotal>436510.28</montoTotal>
			<periodos>
				<periodo mesDesde="1" mesHasta="2" montoMensual="25986.61"/>
				<periodo mesDesde="3" mesHasta="3" montoMensual="27802.62"/>
				<periodo mesDesde="4" mesHasta="5" montoMensual="30045.62"/>
				<periodo mesDesde="6" mesHasta="6" montoMensual="50050.73"/>
				<periodo mesDesde="7" mesHasta="7" montoMensual="34198.21"/>
				<periodo mesDesde="8" mesHasta="8" montoMensual="34203.88"/>
				<periodo mesDesde="9" mesHasta="10" montoMensual="38013.61"/>
				<periodo mesDesde="11" mesHasta="11" montoMensual="40101.55"/>
				<periodo mesDesde="12" mesHasta="12" montoMensual="62061.61"/>
			</periodos>
		</deduccion>
	</deducciones>
	<retPerPagos>
		<retPerPago tipo="27">
			<tipoDoc>80</tipoDoc>
			<nroDoc>33999242109</nroDoc>
			<denominacion>BANCO DE LA PROVINCIA DE BUENOS AIRES</denominacion>
			<descBasica>33999242109 - BANCO DE LA PROVINCIA DE BUENOS AIRES</descBasica>
			<montoTotal>13301.13</montoTotal>
			<periodos>
				<periodo mesDesde="1" mesHasta="1" montoMensual="6300"/>
				<periodo mesDesde="7" mesHasta="7" montoMensual="6963.95"/>
				<periodo mesDesde="12" mesHasta="12" montoMensual="37.18"/>
			</periodos>
		</retPerPago>
	</retPerPagos>
</presentacion>
