<?xml version="1.0" encoding="UTF-8"?>
<presentacion>
	<periodo>2021</periodo>
	<nroPresentacion>12</nroPresentacion>
	<fechaPresentacion>2022-01-09</fechaPresentacion>
	<empleado>
		<cuit>27140426879</cuit>
		<tipoDoc>80</tipoDoc>
		<apellido>BIDINOST</apellido>
		<nombre>LUCIA IRENE</nombre>
		<direccion>
			<provincia>1</provincia>
			<cp>1875</cp>
			<localidad>WILDE</localidad>
			<calle>JOSE E RODO</calle>
			<nro>39</nro>
		</direccion>
	</empleado>
	<ganLiqOtrosEmpEnt>
		<empEnt>
			<cuit>34999032089</cuit>
			<denominacion>GOBIERNO DE LA CIUDAD DE BUENOS AIRES</denominacion>
			<ingresosAportes>
				<ingAp mes="1">
					<obraSoc>0</obraSoc>
					<segSoc>9152.88</segSoc>
					<sind>1889.64</sind>
					<ganBrut>0</ganBrut>
					<retGan>1295.04</retGan>
					<retribNoHab>0</retribNoHab>
					<ajuste>0</ajuste>
					<exeNoAlc>109710.71</exeNoAlc>
					<sac>0</sac>
					<horasExtGr>0</horasExtGr>
					<horasExtEx>0</horasExtEx>
					<matDid>0</matDid>
					<gastosMovViat>0</gastosMovViat>
				</ingAp>
				<ingAp mes="2">
					<obraSoc>0</obraSoc>
					<segSoc>10342.01</segSoc>
					<sind>1889.03</sind>
					<ganBrut>0</ganBrut>
					<retGan>0</retGan>
					<retribNoHab>0</retribNoHab>
					<ajuste>0</ajuste>
					<exeNoAlc>114862.54</exeNoAlc>
					<sac>0</sac>
					<horasExtGr>0</horasExtGr>
					<horasExtEx>0</horasExtEx>
					<matDid>0</matDid>
					<gastosMovViat>0</gastosMovViat>
				</ingAp>
				<ingAp mes="3">
					<obraSoc>0</obraSoc>
					<segSoc>9186.72</segSoc>
					<sind>3452.11</sind>
					<ganBrut>0</ganBrut>
					<retGan>0</retGan>
					<retribNoHab>0</retribNoHab>
					<ajuste>0</ajuste>
					<exeNoAlc>133724.16</exeNoAlc>
					<sac>0</sac>
					<horasExtGr>0</horasExtGr>
					<horasExtEx>0</horasExtEx>
					<matDid>0</matDid>
					<gastosMovViat>0</gastosMovViat>
				</ingAp>
				<ingAp mes="4">
					<obraSoc>0</obraSoc>
					<segSoc>9186.72</segSoc>
					<sind>3452.11</sind>
					<ganBrut>0</ganBrut>
					<retGan>0</retGan>
					<retribNoHab>0</retribNoHab>
					<ajuste>0</ajuste>
					<exeNoAlc>116770.64</exeNoAlc>
					<sac>0</sac>
					<horasExtGr>0</horasExtGr>
					<horasExtEx>0</horasExtEx>
					<matDid>0</matDid>
					<gastosMovViat>0</gastosMovViat>
				</ingAp>
				<ingAp mes="5">
					<obraSoc>0</obraSoc>
					<segSoc>9186.72</segSoc>
					<sind>3452.11</sind>
					<ganBrut>0</ganBrut>
					<retGan>0</retGan>
					<retribNoHab>0</retribNoHab>
					<ajuste>0</ajuste>
					<exeNoAlc>123889.64</exeNoAlc>
					<sac>0</sac>
					<horasExtGr>0</horasExtGr>
					<horasExtEx>0</horasExtEx>
					<matDid>0</matDid>
					<gastosMovViat>0</gastosMovViat>
				</ingAp>
				<ingAp mes="6">
					<obraSoc>0</obraSoc>
					<segSoc>11122.5</segSoc>
					<sind>6899.69</sind>
					<ganBrut>0</ganBrut>
					<retGan>0</retGan>
					<retribNoHab>0</retribNoHab>
					<ajuste>0</ajuste>
					<exeNoAlc>159072.38</exeNoAlc>
					<sac>0</sac>
					<horasExtGr>0</horasExtGr>
					<horasExtEx>0</horasExtEx>
					<matDid>0</matDid>
					<gastosMovViat>0</gastosMovViat>
				</ingAp>
				<ingAp mes="7">
					<obraSoc>0</obraSoc>
					<segSoc>9574.58</segSoc>
					<sind>4660.55</sind>
					<ganBrut>0</ganBrut>
					<retGan>0</retGan>
					<retribNoHab>0</retribNoHab>
					<ajuste>0</ajuste>
					<exeNoAlc>118397.11</exeNoAlc>
					<sac>0</sac>
					<horasExtGr>0</horasExtGr>
					<horasExtEx>0</horasExtEx>
					<matDid>0</matDid>
					<gastosMovViat>0</gastosMovViat>
				</ingAp>
				<ingAp mes="8">
					<obraSoc>0</obraSoc>
					<segSoc>8597.14</segSoc>
					<sind>4091.17</sind>
					<ganBrut>0</ganBrut>
					<retGan>0</retGan>
					<retribNoHab>0</retribNoHab>
					<ajuste>0</ajuste>
					<exeNoAlc>102695.35</exeNoAlc>
					<sac>0</sac>
					<horasExtGr>0</horasExtGr>
					<horasExtEx>0</horasExtEx>
					<matDid>0</matDid>
					<gastosMovViat>0</gastosMovViat>
				</ingAp>
				<ingAp mes="9">
					<obraSoc>0</obraSoc>
					<segSoc>9056.81</segSoc>
					<sind>6774.62</sind>
					<ganBrut>0</ganBrut>
					<retGan>0</retGan>
					<retribNoHab>0</retribNoHab>
					<ajuste>0</ajuste>
					<exeNoAlc>153750.68</exeNoAlc>
					<sac>0</sac>
					<horasExtGr>0</horasExtGr>
					<horasExtEx>0</horasExtEx>
					<matDid>0</matDid>
					<gastosMovViat>0</gastosMovViat>
				</ingAp>
				<ingAp mes="10">
					<obraSoc>0</obraSoc>
					<segSoc>12696.92</segSoc>
					<sind>4740.83</sind>
					<ganBrut>133691.7</ganBrut>
					<retGan>0</retGan>
					<retribNoHab>0</retribNoHab>
					<ajuste>0</ajuste>
					<exeNoAlc>7188</exeNoAlc>
					<sac>0</sac>
					<horasExtGr>0</horasExtGr>
					<horasExtEx>0</horasExtEx>
					<matDid>0</matDid>
					<gastosMovViat>0</gastosMovViat>
				</ingAp>
				<ingAp mes="11">
					<obraSoc>0</obraSoc>
					<segSoc>12655.02</segSoc>
					<sind>4740.83</sind>
					<ganBrut>150437.45</ganBrut>
					<retGan>0</retGan>
					<retribNoHab>0</retribNoHab>
					<ajuste>0</ajuste>
					<exeNoAlc>7188</exeNoAlc>
					<sac>0</sac>
					<horasExtGr>0</horasExtGr>
					<horasExtEx>0</horasExtEx>
					<matDid>0</matDid>
					<gastosMovViat>0</gastosMovViat>
				</ingAp>
				<ingAp mes="12">
					<obraSoc>0</obraSoc>
					<segSoc>13957.04</segSoc>
					<sind>4665.1</sind>
					<ganBrut>162998.06</ganBrut>
					<retGan>0</retGan>
					<retribNoHab>0</retribNoHab>
					<ajuste>0</ajuste>
					<exeNoAlc>7188</exeNoAlc>
					<sac>0</sac>
					<horasExtGr>0</horasExtGr>
					<horasExtEx>0</horasExtEx>
					<matDid>0</matDid>
					<gastosMovViat>0</gastosMovViat>
				</ingAp>
			</ingresosAportes>
		</empEnt>
	</ganLiqOtrosEmpEnt>
	<deducciones>
		<deduccion tipo="1">
			<tipoDoc>80</tipoDoc>
			<nroDoc>30546741253</nroDoc>
			<denominacion>OSDE ORGANIZACION DE SERVICIOS DIRECTOS EMPRESARIOS</denominacion>
			<descBasica>30546741253 - OSDE ORGANIZACION DE SERVICIOS DIRECTOS EMPRESARIOS</descBasica>
			<montoTotal>118587.87</montoTotal>
			<periodos>
				<periodo mesDesde="1" mesHasta="1" montoMensual="1329.97"/>
				<periodo mesDesde="2" mesHasta="2" montoMensual="8889.61"/>
				<periodo mesDesde="3" mesHasta="3" montoMensual="9881.26"/>
				<periodo mesDesde="4" mesHasta="4" montoMensual="5888.34"/>
				<periodo mesDesde="5" mesHasta="5" montoMensual="10319.43"/>
				<periodo mesDesde="6" mesHasta="6" montoMensual="9094.37"/>
				<periodo mesDesde="7" mesHasta="7" montoMensual="12527.26"/>
				<periodo mesDesde="8" mesHasta="8" montoMensual="4728.46"/>
				<periodo mesDesde="9" mesHasta="9" montoMensual="11296.47"/>
				<periodo mesDesde="10" mesHasta="10" montoMensual="12755.84"/>
				<periodo mesDesde="11" mesHasta="12" montoMensual="15938.43"/>
			</periodos>
		</deduccion>
		<deduccion tipo="8">
			<tipoDoc>86</tipoDoc>
			<nroDoc>27261585788</nroDoc>
			<denominacion>REYES SANDRA MABEL</denominacion>
			<descBasica>27261585788 - REYES SANDRA MABEL</descBasica>
			<montoTotal>263336</montoTotal>
			<periodos>
				<periodo mesDesde="1" mesHasta="2" montoMensual="14400"/>
				<periodo mesDesde="3" mesHasta="3" montoMensual="20772"/>
				<periodo mesDesde="4" mesHasta="4" montoMensual="18549"/>
				<periodo mesDesde="5" mesHasta="5" montoMensual="17680"/>
				<periodo mesDesde="6" mesHasta="6" montoMensual="30580"/>
				<periodo mesDesde="7" mesHasta="7" montoMensual="19800"/>
				<periodo mesDesde="8" mesHasta="8" montoMensual="21760"/>
				<periodo mesDesde="9" mesHasta="9" montoMensual="23270"/>
				<periodo mesDesde="10" mesHasta="10" montoMensual="23420"/>
				<periodo mesDesde="11" mesHasta="11" montoMensual="24300"/>
				<periodo mesDesde="12" mesHasta="12" montoMensual="34405"/>
			</periodos>
		</deduccion>
		<deduccion tipo="99">
			<tipoDoc>80</tipoDoc>
			<nroDoc>30542265317</nroDoc>
			<denominacion>CAJA DE PREVISION Y SEGURO MEDICO DE LA PROVINCIA DE BUENOS AIRES</denominacion>
			<descBasica>Cajas Provinciales o Municipales o de Previsión para Profesionales</descBasica>
			<descAdicional>Enero - 30542265317 - CAJA DE PREVISION Y SEGURO MEDICO DE LA PROVINCIA DE BUENOS AIRES</descAdicional>
			<montoTotal>7699.95</montoTotal>
			<detalles>
				<detalle nombre="motivo" valor="2"/>
				<detalle nombre="mes" valor="1"/>
			</detalles>
		</deduccion>
		<deduccion tipo="99">
			<tipoDoc>80</tipoDoc>
			<nroDoc>30542265317</nroDoc>
			<denominacion>CAJA DE PREVISION Y SEGURO MEDICO DE LA PROVINCIA DE BUENOS AIRES</denominacion>
			<descBasica>Cajas Provinciales o Municipales o de Previsión para Profesionales</descBasica>
			<descAdicional>Febrero - 30542265317 - CAJA DE PREVISION Y SEGURO MEDICO DE LA PROVINCIA DE BUENOS AIRES</descAdicional>
			<montoTotal>7699.95</montoTotal>
			<detalles>
				<detalle nombre="motivo" valor="2"/>
				<detalle nombre="mes" valor="2"/>
			</detalles>
		</deduccion>
		<deduccion tipo="99">
			<tipoDoc>80</tipoDoc>
			<nroDoc>30542265317</nroDoc>
			<denominacion>CAJA DE PREVISION Y SEGURO MEDICO DE LA PROVINCIA DE BUENOS AIRES</denominacion>
			<descBasica>Cajas Provinciales o Municipales o de Previsión para Profesionales</descBasica>
			<descAdicional>Febrero - 30542265317 - CAJA DE PREVISION Y SEGURO MEDICO DE LA PROVINCIA DE BUENOS AIRES</descAdicional>
			<montoTotal>7699.95</montoTotal>
			<detalles>
				<detalle nombre="motivo" valor="2"/>
				<detalle nombre="mes" valor="2"/>
			</detalles>
		</deduccion>
		<deduccion tipo="99">
			<tipoDoc>80</tipoDoc>
			<nroDoc>30542265317</nroDoc>
			<denominacion>CAJA DE PREVISION Y SEGURO MEDICO DE LA PROVINCIA DE BUENOS AIRES</denominacion>
			<descBasica>Cajas Provinciales o Municipales o de Previsión para Profesionales</descBasica>
			<descAdicional>Abril - 30542265317 - CAJA DE PREVISION Y SEGURO MEDICO DE LA PROVINCIA DE BUENOS AIRES</descAdicional>
			<montoTotal>7699.95</montoTotal>
			<detalles>
				<detalle nombre="motivo" valor="2"/>
				<detalle nombre="mes" valor="4"/>
			</detalles>
		</deduccion>
		<deduccion tipo="99">
			<tipoDoc>80</tipoDoc>
			<nroDoc>30542265317</nroDoc>
			<denominacion>CAJA DE PREVISION Y SEGURO MEDICO DE LA PROVINCIA DE BUENOS AIRES</denominacion>
			<descBasica>Cajas Provinciales o Municipales o de Previsión para Profesionales</descBasica>
			<descAdicional>Mayo - 30542265317 - CAJA DE PREVISION Y SEGURO MEDICO DE LA PROVINCIA DE BUENOS AIRES</descAdicional>
			<montoTotal>7699.95</montoTotal>
			<detalles>
				<detalle nombre="motivo" valor="2"/>
				<detalle nombre="mes" valor="5"/>
			</detalles>
		</deduccion>
		<deduccion tipo="99">
			<tipoDoc>80</tipoDoc>
			<nroDoc>30542265317</nroDoc>
			<denominacion>CAJA DE PREVISION Y SEGURO MEDICO DE LA PROVINCIA DE BUENOS AIRES</denominacion>
			<descBasica>Cajas Provinciales o Municipales o de Previsión para Profesionales</descBasica>
			<descAdicional>Junio - 30542265317 - CAJA DE PREVISION Y SEGURO MEDICO DE LA PROVINCIA DE BUENOS AIRES</descAdicional>
			<montoTotal>7699.95</montoTotal>
			<detalles>
				<detalle nombre="motivo" valor="2"/>
				<detalle nombre="mes" valor="6"/>
			</detalles>
		</deduccion>
		<deduccion tipo="99">
			<tipoDoc>80</tipoDoc>
			<nroDoc>30542265317</nroDoc>
			<denominacion>CAJA DE PREVISION Y SEGURO MEDICO DE LA PROVINCIA DE BUENOS AIRES</denominacion>
			<descBasica>Cajas Provinciales o Municipales o de Previsión para Profesionales</descBasica>
			<descAdicional>Julio - 30542265317 - CAJA DE PREVISION Y SEGURO MEDICO DE LA PROVINCIA DE BUENOS AIRES</descAdicional>
			<montoTotal>7699.95</montoTotal>
			<detalles>
				<detalle nombre="motivo" valor="2"/>
				<detalle nombre="mes" valor="7"/>
			</detalles>
		</deduccion>
		<deduccion tipo="99">
			<tipoDoc>80</tipoDoc>
			<nroDoc>30542265317</nroDoc>
			<denominacion>CAJA DE PREVISION Y SEGURO MEDICO DE LA PROVINCIA DE BUENOS AIRES</denominacion>
			<descBasica>Cajas Provinciales o Municipales o de Previsión para Profesionales</descBasica>
			<descAdicional>Agosto - 30542265317 - CAJA DE PREVISION Y SEGURO MEDICO DE LA PROVINCIA DE BUENOS AIRES</descAdicional>
			<montoTotal>7699.95</montoTotal>
			<detalles>
				<detalle nombre="motivo" valor="2"/>
				<detalle nombre="mes" valor="8"/>
			</detalles>
		</deduccion>
		<deduccion tipo="99">
			<tipoDoc>80</tipoDoc>
			<nroDoc>30542265317</nroDoc>
			<denominacion>CAJA DE PREVISION Y SEGURO MEDICO DE LA PROVINCIA DE BUENOS AIRES</denominacion>
			<descBasica>Cajas Provinciales o Municipales o de Previsión para Profesionales</descBasica>
			<descAdicional>Septiembre - 30542265317 - CAJA DE PREVISION Y SEGURO MEDICO DE LA PROVINCIA DE BUENOS AIRES</descAdicional>
			<montoTotal>11045.83</montoTotal>
			<detalles>
				<detalle nombre="motivo" valor="2"/>
				<detalle nombre="mes" valor="9"/>
			</detalles>
		</deduccion>
		<deduccion tipo="99">
			<tipoDoc>80</tipoDoc>
			<nroDoc>30542265317</nroDoc>
			<denominacion>CAJA DE PREVISION Y SEGURO MEDICO DE LA PROVINCIA DE BUENOS AIRES</denominacion>
			<descBasica>Cajas Provinciales o Municipales o de Previsión para Profesionales</descBasica>
			<descAdicional>Octubre - 30542265317 - CAJA DE PREVISION Y SEGURO MEDICO DE LA PROVINCIA DE BUENOS AIRES</descAdicional>
			<montoTotal>12474.19</montoTotal>
			<detalles>
				<detalle nombre="motivo" valor="2"/>
				<detalle nombre="mes" valor="10"/>
			</detalles>
		</deduccion>
		<deduccion tipo="99">
			<tipoDoc>80</tipoDoc>
			<nroDoc>30542265317</nroDoc>
			<denominacion>CAJA DE PREVISION Y SEGURO MEDICO DE LA PROVINCIA DE BUENOS AIRES</denominacion>
			<descBasica>Cajas Provinciales o Municipales o de Previsión para Profesionales</descBasica>
			<descAdicional>Noviembre - 30542265317 - CAJA DE PREVISION Y SEGURO MEDICO DE LA PROVINCIA DE BUENOS AIRES</descAdicional>
			<montoTotal>11085.43</montoTotal>
			<detalles>
				<detalle nombre="motivo" valor="2"/>
				<detalle nombre="mes" valor="11"/>
			</detalles>
		</deduccion>
		<deduccion tipo="99">
			<tipoDoc>80</tipoDoc>
			<nroDoc>30542265317</nroDoc>
			<denominacion>CAJA DE PREVISION Y SEGURO MEDICO DE LA PROVINCIA DE BUENOS AIRES</denominacion>
			<descBasica>Cajas Provinciales o Municipales o de Previsión para Profesionales</descBasica>
			<descAdicional>Diciembre - 30542265317 - CAJA DE PREVISION Y SEGURO MEDICO DE LA PROVINCIA DE BUENOS AIRES</descAdicional>
			<montoTotal>12425</montoTotal>
			<detalles>
				<detalle nombre="motivo" valor="2"/>
				<detalle nombre="mes" valor="12"/>
			</detalles>
		</deduccion>
		<deduccion tipo="99">
			<tipoDoc>80</tipoDoc>
			<nroDoc>33637617449</nroDoc>
			<denominacion>ADMINISTRACION NACIONAL DE LA SEGURIDAD SOCIAL ANSES</denominacion>
			<descBasica>Aportes para fondos de Jubilación, Retiros, Pensiones o Subsidios destinados al ANSES</descBasica>
			<descAdicional>Enero - 33637617449 - ADMINISTRACION NACIONAL DE LA SEGURIDAD SOCIAL ANSES</descAdicional>
			<montoTotal>6838.38</montoTotal>
			<detalles>
				<detalle nombre="motivo" valor="1"/>
				<detalle nombre="mes" valor="1"/>
			</detalles>
		</deduccion>
		<deduccion tipo="99">
			<tipoDoc>80</tipoDoc>
			<nroDoc>33637617449</nroDoc>
			<denominacion>ADMINISTRACION NACIONAL DE LA SEGURIDAD SOCIAL ANSES</denominacion>
			<descBasica>Aportes para fondos de Jubilación, Retiros, Pensiones o Subsidios destinados al ANSES</descBasica>
			<descAdicional>Enero - 33637617449 - ADMINISTRACION NACIONAL DE LA SEGURIDAD SOCIAL ANSES</descAdicional>
			<montoTotal>6838.38</montoTotal>
			<detalles>
				<detalle nombre="motivo" valor="1"/>
				<detalle nombre="mes" valor="1"/>
			</detalles>
		</deduccion>
		<deduccion tipo="99">
			<tipoDoc>80</tipoDoc>
			<nroDoc>33637617449</nroDoc>
			<denominacion>ADMINISTRACION NACIONAL DE LA SEGURIDAD SOCIAL ANSES</denominacion>
			<descBasica>Aportes para fondos de Jubilación, Retiros, Pensiones o Subsidios destinados al ANSES</descBasica>
			<descAdicional>Febrero - 33637617449 - ADMINISTRACION NACIONAL DE LA SEGURIDAD SOCIAL ANSES</descAdicional>
			<montoTotal>6838.38</montoTotal>
			<detalles>
				<detalle nombre="motivo" valor="1"/>
				<detalle nombre="mes" valor="2"/>
			</detalles>
		</deduccion>
		<deduccion tipo="99">
			<tipoDoc>80</tipoDoc>
			<nroDoc>33637617449</nroDoc>
			<denominacion>ADMINISTRACION NACIONAL DE LA SEGURIDAD SOCIAL ANSES</denominacion>
			<descBasica>Aportes para fondos de Jubilación, Retiros, Pensiones o Subsidios destinados al ANSES</descBasica>
			<descAdicional>Marzo - 33637617449 - ADMINISTRACION NACIONAL DE LA SEGURIDAD SOCIAL ANSES</descAdicional>
			<montoTotal>7390.25</montoTotal>
			<detalles>
				<detalle nombre="motivo" valor="1"/>
				<detalle nombre="mes" valor="3"/>
			</detalles>
		</deduccion>
		<deduccion tipo="99">
			<tipoDoc>80</tipoDoc>
			<nroDoc>33637617449</nroDoc>
			<denominacion>ADMINISTRACION NACIONAL DE LA SEGURIDAD SOCIAL ANSES</denominacion>
			<descBasica>Aportes para fondos de Jubilación, Retiros, Pensiones o Subsidios destinados al ANSES</descBasica>
			<descAdicional>Abril - 33637617449 - ADMINISTRACION NACIONAL DE LA SEGURIDAD SOCIAL ANSES</descAdicional>
			<montoTotal>7390.25</montoTotal>
			<detalles>
				<detalle nombre="motivo" valor="1"/>
				<detalle nombre="mes" valor="4"/>
			</detalles>
		</deduccion>
		<deduccion tipo="99">
			<tipoDoc>80</tipoDoc>
			<nroDoc>33637617449</nroDoc>
			<denominacion>ADMINISTRACION NACIONAL DE LA SEGURIDAD SOCIAL ANSES</denominacion>
			<descBasica>Aportes para fondos de Jubilación, Retiros, Pensiones o Subsidios destinados al ANSES</descBasica>
			<descAdicional>Mayo - 33637617449 - ADMINISTRACION NACIONAL DE LA SEGURIDAD SOCIAL ANSES</descAdicional>
			<montoTotal>7390.25</montoTotal>
			<detalles>
				<detalle nombre="motivo" valor="1"/>
				<detalle nombre="mes" valor="5"/>
			</detalles>
		</deduccion>
		<deduccion tipo="99">
			<tipoDoc>80</tipoDoc>
			<nroDoc>33637617449</nroDoc>
			<denominacion>ADMINISTRACION NACIONAL DE LA SEGURIDAD SOCIAL ANSES</denominacion>
			<descBasica>Aportes para fondos de Jubilación, Retiros, Pensiones o Subsidios destinados al ANSES</descBasica>
			<descAdicional>Junio - 33637617449 - ADMINISTRACION NACIONAL DE LA SEGURIDAD SOCIAL ANSES</descAdicional>
			<montoTotal>8285.94</montoTotal>
			<detalles>
				<detalle nombre="motivo" valor="1"/>
				<detalle nombre="mes" valor="6"/>
			</detalles>
		</deduccion>
		<deduccion tipo="99">
			<tipoDoc>80</tipoDoc>
			<nroDoc>33637617449</nroDoc>
			<denominacion>ADMINISTRACION NACIONAL DE LA SEGURIDAD SOCIAL ANSES</denominacion>
			<descBasica>Aportes para fondos de Jubilación, Retiros, Pensiones o Subsidios destinados al ANSES</descBasica>
			<descAdicional>Julio - 33637617449 - ADMINISTRACION NACIONAL DE LA SEGURIDAD SOCIAL ANSES</descAdicional>
			<montoTotal>8285.94</montoTotal>
			<detalles>
				<detalle nombre="motivo" valor="1"/>
				<detalle nombre="mes" valor="7"/>
			</detalles>
		</deduccion>
		<deduccion tipo="99">
			<tipoDoc>80</tipoDoc>
			<nroDoc>33637617449</nroDoc>
			<denominacion>ADMINISTRACION NACIONAL DE LA SEGURIDAD SOCIAL ANSES</denominacion>
			<descBasica>Aportes para fondos de Jubilación, Retiros, Pensiones o Subsidios destinados al ANSES</descBasica>
			<descAdicional>Agosto - 33637617449 - ADMINISTRACION NACIONAL DE LA SEGURIDAD SOCIAL ANSES</descAdicional>
			<montoTotal>8285.94</montoTotal>
			<detalles>
				<detalle nombre="motivo" valor="1"/>
				<detalle nombre="mes" valor="8"/>
			</detalles>
		</deduccion>
		<deduccion tipo="99">
			<tipoDoc>80</tipoDoc>
			<nroDoc>33637617449</nroDoc>
			<denominacion>ADMINISTRACION NACIONAL DE LA SEGURIDAD SOCIAL ANSES</denominacion>
			<descBasica>Aportes para fondos de Jubilación, Retiros, Pensiones o Subsidios destinados al ANSES</descBasica>
			<descAdicional>Septiembre - 33637617449 - ADMINISTRACION NACIONAL DE LA SEGURIDAD SOCIAL ANSES</descAdicional>
			<montoTotal>9312.58</montoTotal>
			<detalles>
				<detalle nombre="motivo" valor="1"/>
				<detalle nombre="mes" valor="9"/>
			</detalles>
		</deduccion>
		<deduccion tipo="99">
			<tipoDoc>80</tipoDoc>
			<nroDoc>33637617449</nroDoc>
			<denominacion>ADMINISTRACION NACIONAL DE LA SEGURIDAD SOCIAL ANSES</denominacion>
			<descBasica>Aportes para fondos de Jubilación, Retiros, Pensiones o Subsidios destinados al ANSES</descBasica>
			<descAdicional>Octubre - 33637617449 - ADMINISTRACION NACIONAL DE LA SEGURIDAD SOCIAL ANSES</descAdicional>
			<montoTotal>9312.58</montoTotal>
			<detalles>
				<detalle nombre="motivo" valor="1"/>
				<detalle nombre="mes" valor="10"/>
			</detalles>
		</deduccion>
		<deduccion tipo="99">
			<tipoDoc>80</tipoDoc>
			<nroDoc>33637617449</nroDoc>
			<denominacion>ADMINISTRACION NACIONAL DE LA SEGURIDAD SOCIAL ANSES</denominacion>
			<descBasica>Aportes para fondos de Jubilación, Retiros, Pensiones o Subsidios destinados al ANSES</descBasica>
			<descAdicional>Noviembre - 33637617449 - ADMINISTRACION NACIONAL DE LA SEGURIDAD SOCIAL ANSES</descAdicional>
			<montoTotal>9312.58</montoTotal>
			<detalles>
				<detalle nombre="motivo" valor="1"/>
				<detalle nombre="mes" valor="11"/>
			</detalles>
		</deduccion>
	</deducciones>
</presentacion>
