<?xml version="1.0" encoding="UTF-8"?>
<presentacion>
	<periodo>2021</periodo>
	<nroPresentacion>8</nroPresentacion>
	<fechaPresentacion>2022-02-14</fechaPresentacion>
	<empleado>
		<cuit>27168506568</cuit>
		<tipoDoc>80</tipoDoc>
		<apellido>ANTIG</apellido>
		<nombre>ANDREA SUSANA</nombre>
		<direccion>
			<provincia>0</provincia>
			<cp>1222</cp>
			<localidad>Ciudad de Buenos Aires</localidad>
			<calle>SARANDI</calle>
			<nro>922</nro>
			<piso>1</piso>
			<dpto>A</dpto>
		</direccion>
	</empleado>
	<cargasFamilia>
		<cargaFamilia>
			<tipoDoc>80</tipoDoc>
			<nroDoc>20386136859</nroDoc>
			<apellido>PELOSI</apellido>
			<nombre>FRANCISCO</nombre>
			<fechaNac>1994-11-28</fechaNac>
			<mesDesde>1</mesDesde>
			<mesHasta>4</mesHasta>
			<parentesco>31</parentesco>
			<vigenteProximosPeriodos>N</vigenteProximosPeriodos>
			<porcentajeDeduccion>100</porcentajeDeduccion>
		</cargaFamilia>
	</cargasFamilia>
	<deducciones>
		<deduccion tipo="1">
			<tipoDoc>80</tipoDoc>
			<nroDoc>30546741253</nroDoc>
			<denominacion>OSDE ORGANIZACION DE SERVICIOS DIRECTOS EMPRESARIOS</denominacion>
			<descBasica>30546741253 - OSDE ORGANIZACION DE SERVICIOS DIRECTOS EMPRESARIOS</descBasica>
			<montoTotal>138335.88</montoTotal>
			<periodos>
				<periodo mesDesde="1" mesHasta="1" montoMensual="12749.41"/>
				<periodo mesDesde="2" mesHasta="2" montoMensual="11993.94"/>
				<periodo mesDesde="3" mesHasta="3" montoMensual="12890.31"/>
				<periodo mesDesde="4" mesHasta="4" montoMensual="12766.45"/>
				<periodo mesDesde="5" mesHasta="5" montoMensual="14308.87"/>
				<periodo mesDesde="6" mesHasta="6" montoMensual="7158.76"/>
				<periodo mesDesde="7" mesHasta="7" montoMensual="11002.38"/>
				<periodo mesDesde="8" mesHasta="8" montoMensual="14460.92"/>
				<periodo mesDesde="9" mesHasta="9" montoMensual="15264.82"/>
				<periodo mesDesde="11" mesHasta="11" montoMensual="17582.98"/>
				<periodo mesDesde="12" mesHasta="12" montoMensual="8157.04"/>
			</periodos>
		</deduccion>
		<deduccion tipo="7">
			<tipoDoc>80</tipoDoc>
			<nroDoc>27250718522</nroDoc>
			<denominacion>NEGROTTO MARIA JIMENA</denominacion>
			<descBasica>27250718522 - NEGROTTO MARIA JIMENA</descBasica>
			<montoTotal>6000</montoTotal>
			<periodos>
				<periodo mesDesde="6" mesHasta="6" montoMensual="2000.00"/>
				<periodo mesDesde="8" mesHasta="8" montoMensual="1000.00"/>
				<periodo mesDesde="9" mesHasta="9" montoMensual="1000.00"/>
				<periodo mesDesde="10" mesHasta="10" montoMensual="1000.00"/>
				<periodo mesDesde="11" mesHasta="11" montoMensual="1000.00"/>
			</periodos>
		</deduccion>
	</deducciones>
</presentacion>
