<?xml version="1.0" encoding="UTF-8"?>
<presentacion>
	<periodo>2021</periodo>
	<nroPresentacion>12</nroPresentacion>
	<fechaPresentacion>2022-01-09</fechaPresentacion>
	<empleado>
		<cuit>27168933105</cuit>
		<tipoDoc>80</tipoDoc>
		<apellido>PAZOS</apellido>
		<nombre>GABRIELA ELVIA</nombre>
		<direccion>
			<provincia>0</provincia>
			<cp>1139</cp>
			<localidad>Ciudad de Buenos Aires</localidad>
			<calle>TACUARI</calle>
			<nro>1319</nro>
			<piso>5</piso>
			<dpto>A</dpto>
		</direccion>
	</empleado>
	<deducciones>
		<deduccion tipo="1">
			<tipoDoc>80</tipoDoc>
			<nroDoc>30545933566</nroDoc>
			<denominacion>HOSPITAL BRITANICO DE BUENOS AIRES ASOCIACION CIVIL</denominacion>
			<descBasica>30545933566 - HOSPITAL BRITANICO DE BUENOS AIRES ASOCIACION CIVIL</descBasica>
			<montoTotal>70694.7</montoTotal>
			<periodos>
				<periodo mesDesde="1" mesHasta="1" montoMensual="6097.95"/>
				<periodo mesDesde="2" mesHasta="2" montoMensual="5376.87"/>
				<periodo mesDesde="4" mesHasta="4" montoMensual="12711.38"/>
				<periodo mesDesde="5" mesHasta="5" montoMensual="846.53"/>
				<periodo mesDesde="6" mesHasta="6" montoMensual="6528.67"/>
				<periodo mesDesde="7" mesHasta="7" montoMensual="5602.84"/>
				<periodo mesDesde="8" mesHasta="8" montoMensual="5278.14"/>
				<periodo mesDesde="9" mesHasta="9" montoMensual="4593.3"/>
				<periodo mesDesde="10" mesHasta="10" montoMensual="8271.37"/>
				<periodo mesDesde="11" mesHasta="11" montoMensual="8311.39"/>
				<periodo mesDesde="12" mesHasta="12" montoMensual="7076.26"/>
			</periodos>
		</deduccion>
	</deducciones>
	<retPerPagos>
		<retPerPago tipo="27">
			<tipoDoc>80</tipoDoc>
			<nroDoc>33999242109</nroDoc>
			<denominacion>BANCO DE LA PROVINCIA DE BUENOS AIRES</denominacion>
			<descBasica>33999242109 - BANCO DE LA PROVINCIA DE BUENOS AIRES</descBasica>
			<montoTotal>41842.5</montoTotal>
			<periodos>
				<periodo mesDesde="1" mesHasta="1" montoMensual="6247.5"/>
				<periodo mesDesde="2" mesHasta="2" montoMensual="6475"/>
				<periodo mesDesde="7" mesHasta="7" montoMensual="7087.5"/>
				<periodo mesDesde="9" mesHasta="9" montoMensual="7262.5"/>
				<periodo mesDesde="11" mesHasta="11" montoMensual="7350"/>
				<periodo mesDesde="12" mesHasta="12" montoMensual="7420"/>
			</periodos>
		</retPerPago>
	</retPerPagos>
</presentacion>
