<?xml version="1.0" encoding="UTF-8"?>
<presentacion>
	<periodo>2021</periodo>
	<nroPresentacion>5</nroPresentacion>
	<fechaPresentacion>2022-03-09</fechaPresentacion>
	<empleado>
		<cuit>27179516212</cuit>
		<tipoDoc>80</tipoDoc>
		<apellido>LOMBA</apellido>
		<nombre>ANDREA FABIANA</nombre>
		<direccion>
			<provincia>1</provincia>
			<cp>1875</cp>
			<localidad>WILDE</localidad>
			<calle>LOBOS</calle>
			<nro>358</nro>
		</direccion>
	</empleado>
	<agenteRetencion>
		<cuit>30626983398</cuit>
		<denominacion>MINISTERIO DE SALUD PCIA DE BS AS</denominacion>
	</agenteRetencion>
</presentacion>
