<?xml version="1.0" encoding="UTF-8"?>
<presentacion>
	<periodo>2021</periodo>
	<nroPresentacion>1</nroPresentacion>
	<fechaPresentacion>2022-01-30</fechaPresentacion>
	<empleado>
		<cuit>27177708696</cuit>
		<tipoDoc>80</tipoDoc>
		<apellido>ROCCA</apellido>
		<nombre>ANDREA SUSANA</nombre>
		<direccion>
			<provincia>1</provincia>
			<cp>1871</cp>
			<localidad>DOCK SUD</localidad>
			<calle>HUERGO</calle>
			<nro>1152</nro>
		</direccion>
	</empleado>
	<retPerPagos>
		<retPerPago tipo="27">
			<tipoDoc>80</tipoDoc>
			<nroDoc>33999242109</nroDoc>
			<denominacion>BANCO DE LA PROVINCIA DE BUENOS AIRES</denominacion>
			<descBasica>33999242109 - BANCO DE LA PROVINCIA DE BUENOS AIRES</descBasica>
			<montoTotal>28656.25</montoTotal>
			<periodos>
				<periodo mesDesde="5" mesHasta="5" montoMensual="6912.5"/>
				<periodo mesDesde="7" mesHasta="7" montoMensual="7105"/>
				<periodo mesDesde="8" mesHasta="8" montoMensual="3570"/>
				<periodo mesDesde="11" mesHasta="11" montoMensual="7350"/>
				<periodo mesDesde="12" mesHasta="12" montoMensual="3718.75"/>
			</periodos>
		</retPerPago>
	</retPerPagos>
</presentacion>
