<?xml version="1.0" encoding="UTF-8"?>
<presentacion>
	<periodo>2021</periodo>
	<nroPresentacion>5</nroPresentacion>
	<fechaPresentacion>2022-01-25</fechaPresentacion>
	<empleado>
		<cuit>27177107382</cuit>
		<tipoDoc>80</tipoDoc>
		<apellido>GHIRELLI</apellido>
		<nombre>MONICA VIVIANA</nombre>
		<direccion>
			<provincia>1</provincia>
			<cp>1875</cp>
			<localidad>WILDE</localidad>
			<calle>M. FIERRO</calle>
			<nro>1493</nro>
			<piso>0</piso>
			<dpto>0</dpto>
		</direccion>
	</empleado>
	<deducciones>
		<deduccion tipo="1">
			<tipoDoc>80</tipoDoc>
			<nroDoc>30602010437</nroDoc>
			<denominacion>UNIDAD CORONARIA MOVIL QUILMES S.A</denominacion>
			<descBasica>30602010437 - UNIDAD CORONARIA MOVIL QUILMES S.A</descBasica>
			<montoTotal>9019</montoTotal>
			<periodos>
				<periodo mesDesde="1" mesHasta="1" montoMensual="759"/>
				<periodo mesDesde="2" mesHasta="4" montoMensual="1077"/>
				<periodo mesDesde="6" mesHasta="6" montoMensual="1845"/>
				<periodo mesDesde="10" mesHasta="11" montoMensual="1592"/>
			</periodos>
		</deduccion>
	</deducciones>
</presentacion>
