<?xml version="1.0" encoding="UTF-8"?>
<presentacion>
	<periodo>2021</periodo>
	<nroPresentacion>26</nroPresentacion>
	<fechaPresentacion>2022-01-06</fechaPresentacion>
	<empleado>
		<cuit>27172130327</cuit>
		<tipoDoc>80</tipoDoc>
		<apellido>SORIA</apellido>
		<nombre>MARIA FABIANA</nombre>
		<direccion>
			<provincia>1</provincia>
			<cp>1874</cp>
			<localidad>VILLA DOMINICO</localidad>
			<calle>avda. belgrano</calle>
			<nro>4040</nro>
			<piso>p b </piso>
			<dpto>3</dpto>
		</direccion>
	</empleado>
	<ganLiqOtrosEmpEnt>
		<empEnt>
			<cuit>30542265317</cuit>
			<denominacion>CAJA DE PREVISION Y SEGURO MEDICO DE LA PROVINCIA DE BUENOS AIRES</denominacion>
			<ingresosAportes>
				<ingAp mes="1">
					<obraSoc>0</obraSoc>
					<segSoc>0</segSoc>
					<sind>0</sind>
					<ganBrut>15887.25</ganBrut>
					<retGan>0</retGan>
					<retribNoHab>0</retribNoHab>
					<ajuste>0</ajuste>
					<exeNoAlc>17736</exeNoAlc>
					<sac>0</sac>
					<horasExtGr>0</horasExtGr>
					<horasExtEx>0</horasExtEx>
					<matDid>0</matDid>
					<gastosMovViat>0</gastosMovViat>
				</ingAp>
				<ingAp mes="2">
					<obraSoc>0</obraSoc>
					<segSoc>0</segSoc>
					<sind>0</sind>
					<ganBrut>15887.25</ganBrut>
					<retGan>0</retGan>
					<retribNoHab>0</retribNoHab>
					<ajuste>0</ajuste>
					<exeNoAlc>17736</exeNoAlc>
					<sac>0</sac>
					<horasExtGr>0</horasExtGr>
					<horasExtEx>0</horasExtEx>
					<matDid>0</matDid>
					<gastosMovViat>0</gastosMovViat>
				</ingAp>
				<ingAp mes="3">
					<obraSoc>0</obraSoc>
					<segSoc>0</segSoc>
					<sind>0</sind>
					<ganBrut>15887.25</ganBrut>
					<retGan>0</retGan>
					<retribNoHab>0</retribNoHab>
					<ajuste>0</ajuste>
					<exeNoAlc>17736</exeNoAlc>
					<sac>0</sac>
					<horasExtGr>0</horasExtGr>
					<horasExtEx>0</horasExtEx>
					<matDid>0</matDid>
					<gastosMovViat>0</gastosMovViat>
				</ingAp>
				<ingAp mes="4">
					<obraSoc>0</obraSoc>
					<segSoc>0</segSoc>
					<sind>0</sind>
					<ganBrut>13125</ganBrut>
					<retGan>0</retGan>
					<retribNoHab>0</retribNoHab>
					<ajuste>0</ajuste>
					<exeNoAlc>24750</exeNoAlc>
					<sac>0</sac>
					<horasExtGr>0</horasExtGr>
					<horasExtEx>0</horasExtEx>
					<matDid>0</matDid>
					<gastosMovViat>0</gastosMovViat>
				</ingAp>
				<ingAp mes="5">
					<obraSoc>0</obraSoc>
					<segSoc>0</segSoc>
					<sind>0</sind>
					<ganBrut>13125</ganBrut>
					<retGan>0</retGan>
					<retribNoHab>0</retribNoHab>
					<ajuste>0</ajuste>
					<exeNoAlc>24750</exeNoAlc>
					<sac>0</sac>
					<horasExtGr>0</horasExtGr>
					<horasExtEx>0</horasExtEx>
					<matDid>0</matDid>
					<gastosMovViat>0</gastosMovViat>
				</ingAp>
				<ingAp mes="6">
					<obraSoc>0</obraSoc>
					<segSoc>0</segSoc>
					<sind>0</sind>
					<ganBrut>13125</ganBrut>
					<retGan>0</retGan>
					<retribNoHab>0</retribNoHab>
					<ajuste>0</ajuste>
					<exeNoAlc>43687.5</exeNoAlc>
					<sac>0</sac>
					<horasExtGr>0</horasExtGr>
					<horasExtEx>0</horasExtEx>
					<matDid>0</matDid>
					<gastosMovViat>0</gastosMovViat>
				</ingAp>
				<ingAp mes="7">
					<obraSoc>0</obraSoc>
					<segSoc>0</segSoc>
					<sind>0</sind>
					<ganBrut>14437.5</ganBrut>
					<retGan>0</retGan>
					<retribNoHab>0</retribNoHab>
					<ajuste>0</ajuste>
					<exeNoAlc>26250</exeNoAlc>
					<sac>0</sac>
					<horasExtGr>0</horasExtGr>
					<horasExtEx>0</horasExtEx>
					<matDid>0</matDid>
					<gastosMovViat>0</gastosMovViat>
				</ingAp>
				<ingAp mes="8">
					<obraSoc>0</obraSoc>
					<segSoc>0</segSoc>
					<sind>0</sind>
					<ganBrut>16687.5</ganBrut>
					<retGan>0</retGan>
					<retribNoHab>0</retribNoHab>
					<ajuste>0</ajuste>
					<exeNoAlc>26250</exeNoAlc>
					<sac>0</sac>
					<horasExtGr>0</horasExtGr>
					<horasExtEx>0</horasExtEx>
					<matDid>0</matDid>
					<gastosMovViat>0</gastosMovViat>
				</ingAp>
				<ingAp mes="9">
					<obraSoc>0</obraSoc>
					<segSoc>0</segSoc>
					<sind>0</sind>
					<ganBrut>16687.5</ganBrut>
					<retGan>0</retGan>
					<retribNoHab>0</retribNoHab>
					<ajuste>0</ajuste>
					<exeNoAlc>26250</exeNoAlc>
					<sac>0</sac>
					<horasExtGr>0</horasExtGr>
					<horasExtEx>0</horasExtEx>
					<matDid>0</matDid>
					<gastosMovViat>0</gastosMovViat>
				</ingAp>
				<ingAp mes="10">
					<obraSoc>0</obraSoc>
					<segSoc>0</segSoc>
					<sind>0</sind>
					<ganBrut>16687.5</ganBrut>
					<retGan>0</retGan>
					<retribNoHab>0</retribNoHab>
					<ajuste>0</ajuste>
					<exeNoAlc>26250</exeNoAlc>
					<sac>0</sac>
					<horasExtGr>0</horasExtGr>
					<horasExtEx>0</horasExtEx>
					<matDid>0</matDid>
					<gastosMovViat>0</gastosMovViat>
				</ingAp>
				<ingAp mes="11">
					<obraSoc>0</obraSoc>
					<segSoc>0</segSoc>
					<sind>0</sind>
					<ganBrut>18375</ganBrut>
					<retGan>0</retGan>
					<retribNoHab>0</retribNoHab>
					<ajuste>0</ajuste>
					<exeNoAlc>28500</exeNoAlc>
					<sac>0</sac>
					<horasExtGr>0</horasExtGr>
					<horasExtEx>0</horasExtEx>
					<matDid>0</matDid>
					<gastosMovViat>0</gastosMovViat>
				</ingAp>
				<ingAp mes="12">
					<obraSoc>0</obraSoc>
					<segSoc>0</segSoc>
					<sind>0</sind>
					<ganBrut>18375</ganBrut>
					<retGan>0</retGan>
					<retribNoHab>0</retribNoHab>
					<ajuste>0</ajuste>
					<exeNoAlc>51937.5</exeNoAlc>
					<sac>0</sac>
					<horasExtGr>0</horasExtGr>
					<horasExtEx>0</horasExtEx>
					<matDid>0</matDid>
					<gastosMovViat>0</gastosMovViat>
				</ingAp>
			</ingresosAportes>
		</empEnt>
	</ganLiqOtrosEmpEnt>
	<deducciones>
		<deduccion tipo="1">
			<tipoDoc>80</tipoDoc>
			<nroDoc>30707972552</nroDoc>
			<denominacion>BRISTOL MEDICINE SRL</denominacion>
			<descBasica>30707972552 - BRISTOL MEDICINE SRL</descBasica>
			<montoTotal>44525.16</montoTotal>
			<periodos>
				<periodo mesDesde="1" mesHasta="1" montoMensual="3224.04"/>
				<periodo mesDesde="2" mesHasta="2" montoMensual="3246.11"/>
				<periodo mesDesde="3" mesHasta="3" montoMensual="3170.89"/>
				<periodo mesDesde="5" mesHasta="5" montoMensual="4325.72"/>
				<periodo mesDesde="6" mesHasta="6" montoMensual="3335.71"/>
				<periodo mesDesde="7" mesHasta="7" montoMensual="3280.28"/>
				<periodo mesDesde="8" mesHasta="8" montoMensual="2787.7"/>
				<periodo mesDesde="9" mesHasta="9" montoMensual="6465.83"/>
				<periodo mesDesde="10" mesHasta="10" montoMensual="1956.48"/>
				<periodo mesDesde="11" mesHasta="11" montoMensual="6474.47"/>
				<periodo mesDesde="12" mesHasta="12" montoMensual="6257.93"/>
			</periodos>
		</deduccion>
	</deducciones>
	<retPerPagos>
		<retPerPago tipo="27">
			<tipoDoc>80</tipoDoc>
			<nroDoc>33999242109</nroDoc>
			<denominacion>BANCO DE LA PROVINCIA DE BUENOS AIRES</denominacion>
			<descBasica>33999242109 - BANCO DE LA PROVINCIA DE BUENOS AIRES</descBasica>
			<montoTotal>25086.25</montoTotal>
			<periodos>
				<periodo mesDesde="7" mesHasta="7" montoMensual="7087.5"/>
				<periodo mesDesde="8" mesHasta="8" montoMensual="7140"/>
				<periodo mesDesde="9" mesHasta="9" montoMensual="7192.5"/>
				<periodo mesDesde="10" mesHasta="10" montoMensual="3666.25"/>
			</periodos>
		</retPerPago>
		<retPerPago tipo="28">
			<tipoDoc>80</tipoDoc>
			<nroDoc>30715778722</nroDoc>
			<denominacion>DLOCAL ARGENTINA S.A.</denominacion>
			<descBasica>30715778722 - DLOCAL ARGENTINA S.A.</descBasica>
			<montoTotal>4739.63</montoTotal>
			<periodos>
				<periodo mesDesde="5" mesHasta="5" montoMensual="4739.63"/>
			</periodos>
			<detalles>
				<detalle nombre="tipoTarjeta" valor="0"/>
			</detalles>
		</retPerPago>
	</retPerPagos>
</presentacion>
