<?xml version="1.0" encoding="UTF-8"?>
<presentacion>
	<periodo>2021</periodo>
	<nroPresentacion>14</nroPresentacion>
	<fechaPresentacion>2022-01-25</fechaPresentacion>
	<empleado>
		<cuit>27171033247</cuit>
		<tipoDoc>86</tipoDoc>
		<apellido>CAMPOS VIVIANA SILVIA</apellido>
		<nombre></nombre>
		<direccion>
			<provincia>1</provincia>
			<cp>1870</cp>
			<localidad>AVELLANEDA</localidad>
			<calle>GRAL PAZ</calle>
			<nro>8</nro>
			<piso>07</piso>
			<dpto>B</dpto>
		</direccion>
	</empleado>
	<deducciones>
		<deduccion tipo="3">
			<tipoDoc>80</tipoDoc>
			<nroDoc>30717237184</nroDoc>
			<denominacion>FRENTE DE TODOS A. P. - ALIANZA</denominacion>
			<descBasica>30717237184 - FRENTE DE TODOS A. P. - ALIANZA</descBasica>
			<montoTotal>15000</montoTotal>
			<periodos>
				<periodo mesDesde="9" mesHasta="9" montoMensual="15000"/>
			</periodos>
		</deduccion>
		<deduccion tipo="8">
			<tipoDoc>86</tipoDoc>
			<nroDoc>27929759074</nroDoc>
			<denominacion>FLECHA TORALES FERMINA</denominacion>
			<descBasica>27929759074 - FLECHA TORALES FERMINA</descBasica>
			<montoTotal>117075.49</montoTotal>
			<periodos>
				<periodo mesDesde="1" mesHasta="1" montoMensual="6721.35"/>
				<periodo mesDesde="2" mesHasta="2" montoMensual="7203.35"/>
				<periodo mesDesde="3" mesHasta="3" montoMensual="7263.86"/>
				<periodo mesDesde="4" mesHasta="4" montoMensual="7823.86"/>
				<periodo mesDesde="5" mesHasta="5" montoMensual="7864.22"/>
				<periodo mesDesde="6" mesHasta="6" montoMensual="13069.34"/>
				<periodo mesDesde="7" mesHasta="7" montoMensual="8879.34"/>
				<periodo mesDesde="8" mesHasta="8" montoMensual="9168.82"/>
				<periodo mesDesde="9" mesHasta="10" montoMensual="10816.82"/>
				<periodo mesDesde="11" mesHasta="11" montoMensual="10856.25"/>
				<periodo mesDesde="12" mesHasta="12" montoMensual="16591.46"/>
			</periodos>
		</deduccion>
	</deducciones>
	<retPerPagos>
		<retPerPago tipo="27">
			<tipoDoc>80</tipoDoc>
			<nroDoc>33999242109</nroDoc>
			<denominacion>BANCO DE LA PROVINCIA DE BUENOS AIRES</denominacion>
			<descBasica>33999242109 - BANCO DE LA PROVINCIA DE BUENOS AIRES</descBasica>
			<montoTotal>68354.63</montoTotal>
			<periodos>
				<periodo mesDesde="3" mesHasta="3" montoMensual="6384"/>
				<periodo mesDesde="4" mesHasta="4" montoMensual="6842.5"/>
				<periodo mesDesde="5" mesHasta="5" montoMensual="6550.25"/>
				<periodo mesDesde="6" mesHasta="6" montoMensual="6633.37"/>
				<periodo mesDesde="7" mesHasta="7" montoMensual="6699.87"/>
				<periodo mesDesde="8" mesHasta="8" montoMensual="6995.62"/>
				<periodo mesDesde="9" mesHasta="9" montoMensual="6832.87"/>
				<periodo mesDesde="10" mesHasta="10" montoMensual="7134.4"/>
				<periodo mesDesde="11" mesHasta="11" montoMensual="7166.25"/>
				<periodo mesDesde="12" mesHasta="12" montoMensual="7115.5"/>
			</periodos>
		</retPerPago>
	</retPerPagos>
</presentacion>
