<?xml version="1.0" encoding="UTF-8"?>
<presentacion>
	<periodo>2021</periodo>
	<nroPresentacion>8</nroPresentacion>
	<fechaPresentacion>2022-02-23</fechaPresentacion>
	<empleado>
		<cuit>27178240256</cuit>
		<tipoDoc>80</tipoDoc>
		<apellido>LOPEZ</apellido>
		<nombre>ANDREA FABIANA</nombre>
		<direccion>
			<provincia>1</provincia>
			<cp>1876</cp>
			<localidad>BERNAL</localidad>
			<calle>MIGUEL ANGEL MAURIÑO</calle>
			<nro>132</nro>
		</direccion>
	</empleado>
	<cargasFamilia>
		<cargaFamilia>
			<tipoDoc>80</tipoDoc>
			<nroDoc>20174882089</nroDoc>
			<apellido>OJEDA</apellido>
			<nombre>RAMON AGUSTIN</nombre>
			<fechaNac>1965-04-23</fechaNac>
			<mesDesde>1</mesDesde>
			<mesHasta>12</mesHasta>
			<parentesco>1</parentesco>
			<vigenteProximosPeriodos>S</vigenteProximosPeriodos>
			<porcentajeDeduccion>100</porcentajeDeduccion>
		</cargaFamilia>
	</cargasFamilia>
	<deducciones>
		<deduccion tipo="1">
			<tipoDoc>80</tipoDoc>
			<nroDoc>30602010437</nroDoc>
			<denominacion>UNIDAD CORONARIA MOVIL QUILMES S.A</denominacion>
			<descBasica>30602010437 - UNIDAD CORONARIA MOVIL QUILMES S.A</descBasica>
			<montoTotal>44500</montoTotal>
			<periodos>
				<periodo mesDesde="1" mesHasta="6" montoMensual="3500"/>
				<periodo mesDesde="7" mesHasta="7" montoMensual="5000"/>
				<periodo mesDesde="8" mesHasta="10" montoMensual="3500"/>
				<periodo mesDesde="11" mesHasta="12" montoMensual="4000"/>
			</periodos>
		</deduccion>
		<deduccion tipo="7">
			<tipoDoc>80</tipoDoc>
			<nroDoc>30707651977</nroDoc>
			<denominacion>CENTRO DE OJOS QUILMES S A</denominacion>
			<descBasica>30707651977 - CENTRO DE OJOS QUILMES S A</descBasica>
			<montoTotal>6360</montoTotal>
			<periodos>
				<periodo mesDesde="6" mesHasta="6" montoMensual="6360.00"/>
			</periodos>
		</deduccion>
		<deduccion tipo="7">
			<tipoDoc>80</tipoDoc>
			<nroDoc>30712198156</nroDoc>
			<denominacion>TWEENS HEARTS S.A.</denominacion>
			<descBasica>30712198156 - TWEENS HEARTS S.A.</descBasica>
			<montoTotal>1000</montoTotal>
			<periodos>
				<periodo mesDesde="5" mesHasta="5" montoMensual="1000.00"/>
			</periodos>
		</deduccion>
		<deduccion tipo="7">
			<tipoDoc>80</tipoDoc>
			<nroDoc>33684308969</nroDoc>
			<denominacion>CENTRO MEDICO LAMADRID                  S R L</denominacion>
			<descBasica>33684308969 - CENTRO MEDICO LAMADRID                  S R L</descBasica>
			<montoTotal>3208</montoTotal>
			<periodos>
				<periodo mesDesde="10" mesHasta="10" montoMensual="2340.00"/>
				<periodo mesDesde="11" mesHasta="11" montoMensual="868.00"/>
			</periodos>
		</deduccion>
	</deducciones>
</presentacion>
