<?xml version="1.0" encoding="UTF-8"?>
<presentacion>
	<periodo>2021</periodo>
	<nroPresentacion>15</nroPresentacion>
	<fechaPresentacion>2022-01-04</fechaPresentacion>
	<empleado>
		<cuit>27183191530</cuit>
		<tipoDoc>80</tipoDoc>
		<apellido>YANZON</apellido>
		<nombre>DELIA MARCELA</nombre>
		<direccion>
			<provincia>1</provincia>
			<cp>1875</cp>
			<localidad>WILDE</localidad>
			<calle>LAS FLORES</calle>
			<nro>1600</nro>
			<piso>6</piso>
			<dpto>A</dpto>
		</direccion>
	</empleado>
	<deducciones>
		<deduccion tipo="1">
			<tipoDoc>80</tipoDoc>
			<nroDoc>30657314974</nroDoc>
			<denominacion>OBRA SOCIAL DEL PERSONAL DEL ORGANISMO DE CONTROL EXTERNO</denominacion>
			<descBasica>30657314974 - OBRA SOCIAL DEL PERSONAL DEL ORGANISMO DE CONTROL EXTERNO</descBasica>
			<montoTotal>56790</montoTotal>
			<periodos>
				<periodo mesDesde="1" mesHasta="1" montoMensual="4116"/>
				<periodo mesDesde="2" mesHasta="2" montoMensual="3798"/>
				<periodo mesDesde="4" mesHasta="4" montoMensual="8008"/>
				<periodo mesDesde="5" mesHasta="5" montoMensual="4685"/>
				<periodo mesDesde="6" mesHasta="6" montoMensual="4296"/>
				<periodo mesDesde="7" mesHasta="7" montoMensual="3305"/>
				<periodo mesDesde="8" mesHasta="8" montoMensual="5802"/>
				<periodo mesDesde="9" mesHasta="9" montoMensual="1044"/>
				<periodo mesDesde="10" mesHasta="10" montoMensual="6973"/>
				<periodo mesDesde="11" mesHasta="11" montoMensual="7744"/>
				<periodo mesDesde="12" mesHasta="12" montoMensual="7019"/>
			</periodos>
		</deduccion>
	</deducciones>
</presentacion>
