<?xml version="1.0" encoding="UTF-8"?>
<presentacion>
	<periodo>2021</periodo>
	<nroPresentacion>4</nroPresentacion>
	<fechaPresentacion>2022-03-14</fechaPresentacion>
	<empleado>
		<cuit>27208638934</cuit>
		<tipoDoc>86</tipoDoc>
		<apellido>FIORENTINO</apellido>
		<nombre>MARIA EUGENIA</nombre>
		<direccion>
			<provincia>1</provincia>
			<cp>1872</cp>
			<localidad>SARANDI</localidad>
			<calle>SUIPACHA</calle>
			<nro>754</nro>
		</direccion>
	</empleado>
	<cargasFamilia>
		<cargaFamilia>
			<tipoDoc>86</tipoDoc>
			<nroDoc>27490051274</nroDoc>
			<apellido>MARTIN CAMILA ZOE</apellido>
			<nombre></nombre>
			<fechaNac>2008-11-18</fechaNac>
			<mesDesde>1</mesDesde>
			<mesHasta>12</mesHasta>
			<parentesco>3</parentesco>
			<vigenteProximosPeriodos>S</vigenteProximosPeriodos>
			<porcentajeDeduccion>100</porcentajeDeduccion>
		</cargaFamilia>
		<cargaFamilia>
			<tipoDoc>86</tipoDoc>
			<nroDoc>20450737411</nroDoc>
			<apellido>MARTIN</apellido>
			<nombre>JUAN CRUZ</nombre>
			<fechaNac>2003-09-27</fechaNac>
			<mesDesde>1</mesDesde>
			<mesHasta>12</mesHasta>
			<parentesco>31</parentesco>
			<vigenteProximosPeriodos>S</vigenteProximosPeriodos>
			<porcentajeDeduccion>100</porcentajeDeduccion>
		</cargaFamilia>
	</cargasFamilia>
	<deducciones>
		<deduccion tipo="1">
			<tipoDoc>80</tipoDoc>
			<nroDoc>30546741253</nroDoc>
			<denominacion>OSDE ORGANIZACION DE SERVICIOS DIRECTOS EMPRESARIOS</denominacion>
			<descBasica>30546741253 - OSDE ORGANIZACION DE SERVICIOS DIRECTOS EMPRESARIOS</descBasica>
			<montoTotal>1</montoTotal>
			<periodos>
				<periodo mesDesde="1" mesHasta="1" montoMensual="1"/>
			</periodos>
		</deduccion>
		<deduccion tipo="3">
			<tipoDoc>80</tipoDoc>
			<nroDoc>30717237184</nroDoc>
			<denominacion>FRENTE DE TODOS A. P. - ALIANZA</denominacion>
			<descBasica>30717237184 - FRENTE DE TODOS A. P. - ALIANZA</descBasica>
			<montoTotal>40000</montoTotal>
			<periodos>
				<periodo mesDesde="9" mesHasta="9" montoMensual="10000"/>
				<periodo mesDesde="10" mesHasta="10" montoMensual="30000"/>
			</periodos>
		</deduccion>
	</deducciones>
	<retPerPagos>
		<retPerPago tipo="27">
			<tipoDoc>80</tipoDoc>
			<nroDoc>33999242109</nroDoc>
			<denominacion>BANCO DE LA PROVINCIA DE BUENOS AIRES</denominacion>
			<descBasica>33999242109 - BANCO DE LA PROVINCIA DE BUENOS AIRES</descBasica>
			<montoTotal>2007.6</montoTotal>
			<periodos>
				<periodo mesDesde="3" mesHasta="3" montoMensual="438.9"/>
				<periodo mesDesde="5" mesHasta="5" montoMensual="146.3"/>
				<periodo mesDesde="7" mesHasta="7" montoMensual="418.25"/>
				<periodo mesDesde="8" mesHasta="8" montoMensual="62.65"/>
				<periodo mesDesde="9" mesHasta="9" montoMensual="376.6"/>
				<periodo mesDesde="12" mesHasta="12" montoMensual="564.9"/>
			</periodos>
		</retPerPago>
	</retPerPagos>
</presentacion>
