<?xml version="1.0" encoding="UTF-8"?>
<presentacion>
	<periodo>2021</periodo>
	<nroPresentacion>3</nroPresentacion>
	<fechaPresentacion>2022-01-04</fechaPresentacion>
	<empleado>
		<cuit>27218720914</cuit>
		<tipoDoc>86</tipoDoc>
		<apellido>GIMENEZ SILVINA ADRIANA</apellido>
		<nombre></nombre>
		<direccion>
			<provincia>1</provincia>
			<cp>1870</cp>
			<localidad>AVELLANEDA</localidad>
			<calle>R DE ELIZALDEE</calle>
			<nro>1554</nro>
		</direccion>
	</empleado>
	<deducciones>
		<deduccion tipo="7">
			<tipoDoc>80</tipoDoc>
			<nroDoc>20216020872</nroDoc>
			<denominacion>BARRIOS GUSTAVO ARIEL</denominacion>
			<descBasica>20216020872 - BARRIOS GUSTAVO ARIEL</descBasica>
			<montoTotal>28800</montoTotal>
			<periodos>
				<periodo mesDesde="2" mesHasta="2" montoMensual="14000.00"/>
				<periodo mesDesde="4" mesHasta="4" montoMensual="4000.00"/>
				<periodo mesDesde="8" mesHasta="8" montoMensual="4800.00"/>
				<periodo mesDesde="9" mesHasta="9" montoMensual="6000.00"/>
			</periodos>
		</deduccion>
		<deduccion tipo="21">
			<tipoDoc>80</tipoDoc>
			<nroDoc>20216020872</nroDoc>
			<denominacion>BARRIOS GUSTAVO ARIEL</denominacion>
			<descBasica>20216020872 - BARRIOS GUSTAVO ARIEL</descBasica>
			<montoTotal>34000</montoTotal>
			<periodos>
				<periodo mesDesde="12" mesHasta="12" montoMensual="34000.00"/>
			</periodos>
		</deduccion>
		<deduccion tipo="21">
			<tipoDoc>80</tipoDoc>
			<nroDoc>20227191474</nroDoc>
			<denominacion>SENLLE ADRIAN ALEJANDRO</denominacion>
			<descBasica>20227191474 - SENLLE ADRIAN ALEJANDRO</descBasica>
			<montoTotal>8000</montoTotal>
			<periodos>
				<periodo mesDesde="3" mesHasta="3" montoMensual="8000.00"/>
			</periodos>
		</deduccion>
	</deducciones>
	<retPerPagos>
		<retPerPago tipo="27">
			<tipoDoc>80</tipoDoc>
			<nroDoc>33999242109</nroDoc>
			<denominacion>BANCO DE LA PROVINCIA DE BUENOS AIRES</denominacion>
			<descBasica>33999242109 - BANCO DE LA PROVINCIA DE BUENOS AIRES</descBasica>
			<montoTotal>62700.29</montoTotal>
			<periodos>
				<periodo mesDesde="1" mesHasta="1" montoMensual="6265"/>
				<periodo mesDesde="2" mesHasta="2" montoMensual="6488.12"/>
				<periodo mesDesde="4" mesHasta="4" montoMensual="6842.5"/>
				<periodo mesDesde="5" mesHasta="5" montoMensual="6895"/>
				<periodo mesDesde="7" mesHasta="7" montoMensual="7105"/>
				<periodo mesDesde="8" mesHasta="8" montoMensual="7157.5"/>
				<periodo mesDesde="9" mesHasta="9" montoMensual="7262.5"/>
				<periodo mesDesde="10" mesHasta="10" montoMensual="7315"/>
				<periodo mesDesde="11" mesHasta="11" montoMensual="7369.67"/>
			</periodos>
		</retPerPago>
	</retPerPagos>
	<datosAdicionales>
		<datoAdicional nombre="jubPensRegPatagonica" mesDesde="1" mesHasta="12" valor="N"/>
		<datoAdicional nombre="jubPensOtrosIngresos" mesDesde="1" mesHasta="12" valor="N"/>
		<datoAdicional nombre="jubPensTribBienes" valor="N"/>
		<datoAdicional nombre="jubPensTribOtrosBienes" valor="N"/>
	</datosAdicionales>
</presentacion>
