<?xml version="1.0" encoding="UTF-8"?>
<presentacion>
	<periodo>2021</periodo>
	<nroPresentacion>7</nroPresentacion>
	<fechaPresentacion>2022-01-08</fechaPresentacion>
	<empleado>
		<cuit>27225268938</cuit>
		<tipoDoc>80</tipoDoc>
		<apellido>MARTIN</apellido>
		<nombre>VANESA ANA</nombre>
		<direccion>
			<provincia>1</provincia>
			<cp>1870</cp>
			<localidad>AVELLANEDA</localidad>
			<calle>R GUTIERREZ</calle>
			<nro>827</nro>
			<dpto>2</dpto>
		</direccion>
	</empleado>
	<cargasFamilia>
		<cargaFamilia>
			<tipoDoc>86</tipoDoc>
			<nroDoc>20453020062</nroDoc>
			<apellido>KERNC</apellido>
			<nombre>MARTIN JAVA</nombre>
			<fechaNac>2004-01-21</fechaNac>
			<mesDesde>1</mesDesde>
			<mesHasta>12</mesHasta>
			<parentesco>3</parentesco>
			<vigenteProximosPeriodos>S</vigenteProximosPeriodos>
			<porcentajeDeduccion>100</porcentajeDeduccion>
		</cargaFamilia>
		<cargaFamilia>
			<tipoDoc>80</tipoDoc>
			<nroDoc>20241679471</nroDoc>
			<apellido>KERNC</apellido>
			<nombre>HUGO ARNALDO</nombre>
			<fechaNac>1975-01-17</fechaNac>
			<mesDesde>1</mesDesde>
			<mesHasta>12</mesHasta>
			<parentesco>1</parentesco>
			<vigenteProximosPeriodos>S</vigenteProximosPeriodos>
			<porcentajeDeduccion>100</porcentajeDeduccion>
		</cargaFamilia>
		<cargaFamilia>
			<tipoDoc>86</tipoDoc>
			<nroDoc>20498909060</nroDoc>
			<apellido>KERNC</apellido>
			<nombre>ARIAN JOAQUIN</nombre>
			<fechaNac>2009-11-18</fechaNac>
			<mesDesde>1</mesDesde>
			<mesHasta>12</mesHasta>
			<parentesco>31</parentesco>
			<vigenteProximosPeriodos>S</vigenteProximosPeriodos>
			<porcentajeDeduccion>100</porcentajeDeduccion>
		</cargaFamilia>
	</cargasFamilia>
	<deducciones>
		<deduccion tipo="1">
			<tipoDoc>80</tipoDoc>
			<nroDoc>30707972552</nroDoc>
			<denominacion>BRISTOL MEDICINE SRL</denominacion>
			<descBasica>30707972552 - BRISTOL MEDICINE SRL</descBasica>
			<montoTotal>3728.24</montoTotal>
			<periodos>
				<periodo mesDesde="5" mesHasta="5" montoMensual="778.12"/>
				<periodo mesDesde="9" mesHasta="9" montoMensual="1322.32"/>
				<periodo mesDesde="11" mesHasta="11" montoMensual="976.81"/>
				<periodo mesDesde="12" mesHasta="12" montoMensual="650.99"/>
			</periodos>
		</deduccion>
		<deduccion tipo="2">
			<tipoDoc>80</tipoDoc>
			<nroDoc>33700893729</nroDoc>
			<denominacion>MAPFRE ARGENTINA SEGUROS DE VIDA  S A</denominacion>
			<descBasica>33700893729 - MAPFRE ARGENTINA SEGUROS DE VIDA  S A</descBasica>
			<montoTotal>1715.88</montoTotal>
			<periodos>
				<periodo mesDesde="1" mesHasta="7" montoMensual="135"/>
				<periodo mesDesde="8" mesHasta="8" montoMensual="155"/>
				<periodo mesDesde="10" mesHasta="10" montoMensual="306.88"/>
				<periodo mesDesde="11" mesHasta="11" montoMensual="154"/>
				<periodo mesDesde="12" mesHasta="12" montoMensual="155"/>
			</periodos>
		</deduccion>
		<deduccion tipo="7">
			<tipoDoc>80</tipoDoc>
			<nroDoc>20272249661</nroDoc>
			<denominacion>ACTIS JUAN ESTEBAN</denominacion>
			<descBasica>20272249661 - ACTIS JUAN ESTEBAN</descBasica>
			<montoTotal>5600</montoTotal>
			<periodos>
				<periodo mesDesde="3" mesHasta="3" montoMensual="2600.00"/>
				<periodo mesDesde="8" mesHasta="8" montoMensual="3000.00"/>
			</periodos>
		</deduccion>
		<deduccion tipo="7">
			<tipoDoc>80</tipoDoc>
			<nroDoc>20286018719</nroDoc>
			<denominacion>PARABUE EMILIO MARCOS</denominacion>
			<descBasica>20286018719 - PARABUE EMILIO MARCOS</descBasica>
			<montoTotal>11200</montoTotal>
			<periodos>
				<periodo mesDesde="2" mesHasta="2" montoMensual="1200.00"/>
				<periodo mesDesde="4" mesHasta="4" montoMensual="1200.00"/>
				<periodo mesDesde="7" mesHasta="7" montoMensual="1600.00"/>
				<periodo mesDesde="9" mesHasta="9" montoMensual="1600.00"/>
				<periodo mesDesde="10" mesHasta="10" montoMensual="3800.00"/>
				<periodo mesDesde="12" mesHasta="12" montoMensual="1800.00"/>
			</periodos>
		</deduccion>
		<deduccion tipo="7">
			<tipoDoc>80</tipoDoc>
			<nroDoc>23077668349</nroDoc>
			<denominacion>IRAOLA JORGE JULIO ELIAS</denominacion>
			<descBasica>23077668349 - IRAOLA JORGE JULIO ELIAS</descBasica>
			<montoTotal>2920</montoTotal>
			<periodos>
				<periodo mesDesde="3" mesHasta="3" montoMensual="800.00"/>
				<periodo mesDesde="6" mesHasta="6" montoMensual="1000.00"/>
				<periodo mesDesde="9" mesHasta="9" montoMensual="1120.00"/>
			</periodos>
		</deduccion>
		<deduccion tipo="7">
			<tipoDoc>80</tipoDoc>
			<nroDoc>33610954699</nroDoc>
			<denominacion>CENTRO DE TOMOGRAFIA COMPUTADA ADROGUE SA</denominacion>
			<descBasica>33610954699 - CENTRO DE TOMOGRAFIA COMPUTADA ADROGUE SA</descBasica>
			<montoTotal>856.52</montoTotal>
			<periodos>
				<periodo mesDesde="9" mesHasta="9" montoMensual="856.52"/>
			</periodos>
		</deduccion>
		<deduccion tipo="21">
			<tipoDoc>80</tipoDoc>
			<nroDoc>30707219293</nroDoc>
			<denominacion>PHYNX S A</denominacion>
			<descBasica>30707219293 - PHYNX S A</descBasica>
			<montoTotal>34203.4</montoTotal>
			<periodos>
				<periodo mesDesde="1" mesHasta="1" montoMensual="30642.00"/>
				<periodo mesDesde="11" mesHasta="11" montoMensual="3561.40"/>
			</periodos>
		</deduccion>
	</deducciones>
	<retPerPagos>
		<retPerPago tipo="27">
			<tipoDoc>80</tipoDoc>
			<nroDoc>33999242109</nroDoc>
			<denominacion>BANCO DE LA PROVINCIA DE BUENOS AIRES</denominacion>
			<descBasica>33999242109 - BANCO DE LA PROVINCIA DE BUENOS AIRES</descBasica>
			<montoTotal>14805</montoTotal>
			<periodos>
				<periodo mesDesde="11" mesHasta="11" montoMensual="7367.5"/>
				<periodo mesDesde="12" mesHasta="12" montoMensual="7437.5"/>
			</periodos>
		</retPerPago>
		<retPerPago tipo="28">
			<tipoDoc>80</tipoDoc>
			<nroDoc>30712039295</nroDoc>
			<denominacion>NETFLIX ARGENTINA S.R.L.</denominacion>
			<descBasica>30712039295 - NETFLIX ARGENTINA S.R.L.</descBasica>
			<descAdicional>Tarjeta de Crédito/Compra - Visa - Nro. ************3059</descAdicional>
			<montoTotal>2788.8</montoTotal>
			<periodos>
				<periodo mesDesde="1" mesHasta="2" montoMensual="129.15"/>
				<periodo mesDesde="3" mesHasta="10" montoMensual="234.15"/>
				<periodo mesDesde="11" mesHasta="12" montoMensual="328.65"/>
			</periodos>
			<detalles>
				<detalle nombre="tipoTarjeta" valor="1"/>
				<detalle nombre="idTarjeta" valor="2"/>
				<detalle nombre="descripcionTarjeta" valor="Visa"/>
				<detalle nombre="nroTarjeta" valor="************3059"/>
			</detalles>
		</retPerPago>
		<retPerPago tipo="28">
			<tipoDoc>80</tipoDoc>
			<nroDoc>30715446266</nroDoc>
			<denominacion>PPRO ARGENTINA S.A.</denominacion>
			<descBasica>30715446266 - PPRO ARGENTINA S.A.</descBasica>
			<montoTotal>3526.25</montoTotal>
			<periodos>
				<periodo mesDesde="1" mesHasta="8" montoMensual="271.25"/>
				<periodo mesDesde="9" mesHasta="9" montoMensual="542.5"/>
				<periodo mesDesde="10" mesHasta="12" montoMensual="271.25"/>
			</periodos>
			<detalles>
				<detalle nombre="tipoTarjeta" valor="0"/>
			</detalles>
		</retPerPago>
	</retPerPagos>
</presentacion>
