<?xml version="1.0" encoding="UTF-8"?>
<presentacion>
	<periodo>2021</periodo>
	<nroPresentacion>15</nroPresentacion>
	<fechaPresentacion>2022-03-09</fechaPresentacion>
	<empleado>
		<cuit>27238794027</cuit>
		<tipoDoc>86</tipoDoc>
		<apellido>DE SALAZAR MONICA ELIZABETH</apellido>
		<nombre></nombre>
		<direccion>
			<provincia>1</provincia>
			<cp>1875</cp>
			<localidad>Wilde</localidad>
			<calle>Merlo</calle>
			<nro>5481</nro>
			<piso>PB</piso>
		</direccion>
	</empleado>
	<cargasFamilia>
		<cargaFamilia>
			<tipoDoc>86</tipoDoc>
			<nroDoc>27508952509</nroDoc>
			<apellido>RAMOS DE SALAZAR</apellido>
			<nombre>TRIANA IRINA</nombre>
			<fechaNac>2011-04-12</fechaNac>
			<mesDesde>1</mesDesde>
			<mesHasta>12</mesHasta>
			<parentesco>3</parentesco>
			<vigenteProximosPeriodos>S</vigenteProximosPeriodos>
			<porcentajeDeduccion>100</porcentajeDeduccion>
		</cargaFamilia>
	</cargasFamilia>
	<deducciones>
		<deduccion tipo="1">
			<tipoDoc>80</tipoDoc>
			<nroDoc>30590354798</nroDoc>
			<denominacion>ASOCIACION MUTUAL SANCOR SALUD</denominacion>
			<descBasica>30590354798 - ASOCIACION MUTUAL SANCOR SALUD</descBasica>
			<montoTotal>36044.69</montoTotal>
			<periodos>
				<periodo mesDesde="5" mesHasta="5" montoMensual="4562"/>
				<periodo mesDesde="6" mesHasta="6" montoMensual="5877"/>
				<periodo mesDesde="8" mesHasta="8" montoMensual="5798.43"/>
				<periodo mesDesde="9" mesHasta="9" montoMensual="9583.02"/>
				<periodo mesDesde="10" mesHasta="10" montoMensual="10224.24"/>
			</periodos>
		</deduccion>
		<deduccion tipo="1">
			<tipoDoc>80</tipoDoc>
			<nroDoc>30628249527</nroDoc>
			<denominacion>INSTITUTO DE OBRA MEDICO ASISTENCIAL</denominacion>
			<descBasica>30628249527 - INSTITUTO DE OBRA MEDICO ASISTENCIAL</descBasica>
			<montoTotal>8619.48</montoTotal>
			<periodos>
				<periodo mesDesde="9" mesHasta="10" montoMensual="2045.3"/>
				<periodo mesDesde="11" mesHasta="12" montoMensual="2264.44"/>
			</periodos>
		</deduccion>
		<deduccion tipo="1">
			<tipoDoc>80</tipoDoc>
			<nroDoc>30697752222</nroDoc>
			<denominacion>SOY MAGA SOL WILDE S C S</denominacion>
			<descBasica>30697752222 - SOY MAGA SOL WILDE S C S</descBasica>
			<montoTotal>6963.53</montoTotal>
			<periodos>
				<periodo mesDesde="1" mesHasta="1" montoMensual="912.22"/>
				<periodo mesDesde="3" mesHasta="3" montoMensual="986.57"/>
				<periodo mesDesde="4" mesHasta="4" montoMensual="1072.21"/>
				<periodo mesDesde="8" mesHasta="8" montoMensual="1236.47"/>
				<periodo mesDesde="9" mesHasta="9" montoMensual="1345.07"/>
				<periodo mesDesde="10" mesHasta="10" montoMensual="1410.99"/>
			</periodos>
		</deduccion>
		<deduccion tipo="1">
			<tipoDoc>80</tipoDoc>
			<nroDoc>30707972552</nroDoc>
			<denominacion>BRISTOL MEDICINE SRL</denominacion>
			<descBasica>30707972552 - BRISTOL MEDICINE SRL</descBasica>
			<montoTotal>3203.85</montoTotal>
			<periodos>
				<periodo mesDesde="1" mesHasta="1" montoMensual="903.32"/>
				<periodo mesDesde="2" mesHasta="2" montoMensual="1375.48"/>
				<periodo mesDesde="3" mesHasta="3" montoMensual="0.01"/>
				<periodo mesDesde="4" mesHasta="4" montoMensual="925.04"/>
			</periodos>
		</deduccion>
		<deduccion tipo="1">
			<tipoDoc>80</tipoDoc>
			<nroDoc>33709139369</nroDoc>
			<denominacion>SOY MAGA EL ALTO A  SCS</denominacion>
			<descBasica>33709139369 - SOY MAGA EL ALTO A  SCS</descBasica>
			<montoTotal>1127.97</montoTotal>
			<periodos>
				<periodo mesDesde="6" mesHasta="6" montoMensual="1127.97"/>
			</periodos>
		</deduccion>
		<deduccion tipo="7">
			<tipoDoc>80</tipoDoc>
			<nroDoc>20179212294</nroDoc>
			<denominacion>MARQUEZ GRAND DANIEL</denominacion>
			<descBasica>20179212294 - MARQUEZ GRAND DANIEL</descBasica>
			<montoTotal>800</montoTotal>
			<periodos>
				<periodo mesDesde="8" mesHasta="8" montoMensual="800.00"/>
			</periodos>
		</deduccion>
		<deduccion tipo="21">
			<tipoDoc>80</tipoDoc>
			<nroDoc>20260234693</nroDoc>
			<denominacion>VESPASIANO LEONARDO</denominacion>
			<descBasica>20260234693 - VESPASIANO LEONARDO</descBasica>
			<montoTotal>9630</montoTotal>
			<periodos>
				<periodo mesDesde="12" mesHasta="12" montoMensual="9630.00"/>
			</periodos>
		</deduccion>
		<deduccion tipo="21">
			<tipoDoc>80</tipoDoc>
			<nroDoc>30500781293</nroDoc>
			<denominacion>GRIMOLDI SOCIEDAD ANONIMA</denominacion>
			<descBasica>30500781293 - GRIMOLDI SOCIEDAD ANONIMA</descBasica>
			<montoTotal>22488</montoTotal>
			<periodos>
				<periodo mesDesde="2" mesHasta="2" montoMensual="22488.00"/>
			</periodos>
		</deduccion>
		<deduccion tipo="21">
			<tipoDoc>80</tipoDoc>
			<nroDoc>30714792810</nroDoc>
			<denominacion>OCEAN CUL S.R.L.</denominacion>
			<descBasica>30714792810 - OCEAN CUL S.R.L.</descBasica>
			<montoTotal>1500</montoTotal>
			<periodos>
				<periodo mesDesde="12" mesHasta="12" montoMensual="1500.00"/>
			</periodos>
		</deduccion>
		<deduccion tipo="21">
			<tipoDoc>80</tipoDoc>
			<nroDoc>30717060225</nroDoc>
			<denominacion>LOS BULFE S.R.L.</denominacion>
			<descBasica>30717060225 - LOS BULFE S.R.L.</descBasica>
			<montoTotal>2750</montoTotal>
			<periodos>
				<periodo mesDesde="12" mesHasta="12" montoMensual="2750.00"/>
			</periodos>
		</deduccion>
		<deduccion tipo="21">
			<tipoDoc>80</tipoDoc>
			<nroDoc>33542082459</nroDoc>
			<denominacion>TOPYED SA</denominacion>
			<descBasica>33542082459 - TOPYED SA</descBasica>
			<montoTotal>2990</montoTotal>
			<periodos>
				<periodo mesDesde="12" mesHasta="12" montoMensual="2990.00"/>
			</periodos>
		</deduccion>
	</deducciones>
</presentacion>
