<?xml version="1.0" encoding="UTF-8"?>
<presentacion>
	<periodo>2021</periodo>
	<nroPresentacion>7</nroPresentacion>
	<fechaPresentacion>2022-02-04</fechaPresentacion>
	<empleado>
		<cuit>27237809152</cuit>
		<tipoDoc>80</tipoDoc>
		<apellido>LO FARO</apellido>
		<nombre>MARIEL CARINA</nombre>
		<direccion>
			<provincia>1</provincia>
			<cp>1870</cp>
			<localidad>AVELLANEDA</localidad>
			<calle>BERUTI</calle>
			<nro>205</nro>
			<piso>15</piso>
			<dpto>F</dpto>
		</direccion>
	</empleado>
	<cargasFamilia>
		<cargaFamilia>
			<tipoDoc>86</tipoDoc>
			<nroDoc>27470666078</nroDoc>
			<apellido>REPETTO SOL VALENTINA</apellido>
			<nombre></nombre>
			<fechaNac>2005-11-04</fechaNac>
			<mesDesde>1</mesDesde>
			<mesHasta>12</mesHasta>
			<parentesco>3</parentesco>
			<vigenteProximosPeriodos>S</vigenteProximosPeriodos>
			<porcentajeDeduccion>50</porcentajeDeduccion>
		</cargaFamilia>
	</cargasFamilia>
	<ganLiqOtrosEmpEnt>
		<empEnt>
			<cuit>30682873864</cuit>
			<denominacion>UNIVERSIDAD NACIONAL DE LANUS</denominacion>
			<ingresosAportes>
				<ingAp mes="1">
					<obraSoc>833.18</obraSoc>
					<segSoc>4443.64</segSoc>
					<sind>0</sind>
					<ganBrut>28772.75</ganBrut>
					<retGan>0</retGan>
					<retribNoHab>0</retribNoHab>
					<ajuste>0</ajuste>
					<exeNoAlc>0</exeNoAlc>
					<sac>0</sac>
					<horasExtGr>0</horasExtGr>
					<horasExtEx>0</horasExtEx>
					<matDid>0</matDid>
					<gastosMovViat>0</gastosMovViat>
				</ingAp>
				<ingAp mes="2">
					<obraSoc>865.25</obraSoc>
					<segSoc>4613.44</segSoc>
					<sind>0</sind>
					<ganBrut>28833.99</ganBrut>
					<retGan>0</retGan>
					<retribNoHab>0</retribNoHab>
					<ajuste>0</ajuste>
					<exeNoAlc>0</exeNoAlc>
					<sac>0</sac>
					<horasExtGr>0</horasExtGr>
					<horasExtEx>0</horasExtEx>
					<matDid>0</matDid>
					<gastosMovViat>0</gastosMovViat>
				</ingAp>
				<ingAp mes="3">
					<obraSoc>896.96</obraSoc>
					<segSoc>4783.23</segSoc>
					<sind>0</sind>
					<ganBrut>29895.22</ganBrut>
					<retGan>0</retGan>
					<retribNoHab>0</retribNoHab>
					<ajuste>0</ajuste>
					<exeNoAlc>0</exeNoAlc>
					<sac>0</sac>
					<horasExtGr>0</horasExtGr>
					<horasExtEx>0</horasExtEx>
					<matDid>0</matDid>
					<gastosMovViat>0</gastosMovViat>
				</ingAp>
			</ingresosAportes>
		</empEnt>
	</ganLiqOtrosEmpEnt>
	<deducciones>
		<deduccion tipo="2">
			<tipoDoc>80</tipoDoc>
			<nroDoc>30682408622</nroDoc>
			<denominacion>CNP ASSURANCES CIA DE SEGUROS SA</denominacion>
			<descBasica>30682408622 - CNP ASSURANCES CIA DE SEGUROS SA</descBasica>
			<montoTotal>26500</montoTotal>
			<periodos>
				<periodo mesDesde="1" mesHasta="7" montoMensual="2000"/>
				<periodo mesDesde="8" mesHasta="12" montoMensual="2500"/>
			</periodos>
		</deduccion>
		<deduccion tipo="7">
			<tipoDoc>80</tipoDoc>
			<nroDoc>27260382875</nroDoc>
			<denominacion>PELAYO LAURA NAIR</denominacion>
			<descBasica>27260382875 - PELAYO LAURA NAIR</descBasica>
			<montoTotal>920</montoTotal>
			<periodos>
				<periodo mesDesde="10" mesHasta="10" montoMensual="920.00"/>
			</periodos>
		</deduccion>
		<deduccion tipo="21">
			<tipoDoc>80</tipoDoc>
			<nroDoc>20125487484</nroDoc>
			<denominacion>ARIAS JOSE MARIA</denominacion>
			<descBasica>20125487484 - ARIAS JOSE MARIA</descBasica>
			<montoTotal>5940</montoTotal>
			<periodos>
				<periodo mesDesde="3" mesHasta="3" montoMensual="5940.00"/>
			</periodos>
		</deduccion>
		<deduccion tipo="21">
			<tipoDoc>80</tipoDoc>
			<nroDoc>30500781293</nroDoc>
			<denominacion>GRIMOLDI SOCIEDAD ANONIMA</denominacion>
			<descBasica>30500781293 - GRIMOLDI SOCIEDAD ANONIMA</descBasica>
			<montoTotal>11800</montoTotal>
			<periodos>
				<periodo mesDesde="7" mesHasta="7" montoMensual="11800.00"/>
			</periodos>
		</deduccion>
		<deduccion tipo="21">
			<tipoDoc>80</tipoDoc>
			<nroDoc>30679202045</nroDoc>
			<denominacion>LEADER ELECTRONIC S A</denominacion>
			<descBasica>30679202045 - LEADER ELECTRONIC S A</descBasica>
			<montoTotal>1699.9</montoTotal>
			<periodos>
				<periodo mesDesde="10" mesHasta="10" montoMensual="1699.90"/>
			</periodos>
		</deduccion>
		<deduccion tipo="21">
			<tipoDoc>80</tipoDoc>
			<nroDoc>30707917128</nroDoc>
			<denominacion>THIRD TIME S.A.</denominacion>
			<descBasica>30707917128 - THIRD TIME S.A.</descBasica>
			<montoTotal>6580</montoTotal>
			<periodos>
				<periodo mesDesde="1" mesHasta="1" montoMensual="6580.00"/>
			</periodos>
		</deduccion>
		<deduccion tipo="21">
			<tipoDoc>80</tipoDoc>
			<nroDoc>30708225548</nroDoc>
			<denominacion>TRAZ SOCIEDAD ANONIMA</denominacion>
			<descBasica>30708225548 - TRAZ SOCIEDAD ANONIMA</descBasica>
			<montoTotal>48090</montoTotal>
			<periodos>
				<periodo mesDesde="4" mesHasta="4" montoMensual="4899.00"/>
				<periodo mesDesde="6" mesHasta="6" montoMensual="28594.00"/>
				<periodo mesDesde="9" mesHasta="9" montoMensual="14597.00"/>
			</periodos>
		</deduccion>
		<deduccion tipo="21">
			<tipoDoc>80</tipoDoc>
			<nroDoc>30708402911</nroDoc>
			<denominacion>GAX S.A.</denominacion>
			<descBasica>30708402911 - GAX S.A.</descBasica>
			<montoTotal>10900</montoTotal>
			<periodos>
				<periodo mesDesde="9" mesHasta="9" montoMensual="10900.00"/>
			</periodos>
		</deduccion>
		<deduccion tipo="21">
			<tipoDoc>80</tipoDoc>
			<nroDoc>30714324167</nroDoc>
			<denominacion>DESARTEX S.A.</denominacion>
			<descBasica>30714324167 - DESARTEX S.A.</descBasica>
			<montoTotal>9400</montoTotal>
			<periodos>
				<periodo mesDesde="10" mesHasta="10" montoMensual="9400.00"/>
			</periodos>
		</deduccion>
		<deduccion tipo="99">
			<tipoDoc>80</tipoDoc>
			<nroDoc>33709714339</nroDoc>
			<denominacion>COLEGIO DE DIETISTAS NUTRICIONISTA - DIETISTA Y LICENCIADOS EN NUTRICION DE LA PCIA. DE BS.AS.</denominacion>
			<descBasica>Cajas Provinciales o Municipales o de Previsión para Profesionales</descBasica>
			<descAdicional>Abril - 33709714339 - COLEGIO DE DIETISTAS NUTRICIONISTA - DIETISTA Y LICENCIADOS EN NUTRICION DE LA PCIA. DE BS.AS.</descAdicional>
			<montoTotal>6600</montoTotal>
			<detalles>
				<detalle nombre="motivo" valor="2"/>
				<detalle nombre="mes" valor="4"/>
			</detalles>
		</deduccion>
	</deducciones>
	<retPerPagos>
		<retPerPago tipo="27">
			<tipoDoc>80</tipoDoc>
			<nroDoc>33999242109</nroDoc>
			<denominacion>BANCO DE LA PROVINCIA DE BUENOS AIRES</denominacion>
			<descBasica>33999242109 - BANCO DE LA PROVINCIA DE BUENOS AIRES</descBasica>
			<montoTotal>62877.5</montoTotal>
			<periodos>
				<periodo mesDesde="1" mesHasta="1" montoMensual="6265"/>
				<periodo mesDesde="2" mesHasta="2" montoMensual="6475"/>
				<periodo mesDesde="3" mesHasta="3" montoMensual="6755"/>
				<periodo mesDesde="4" mesHasta="4" montoMensual="6860"/>
				<periodo mesDesde="7" mesHasta="7" montoMensual="7122.5"/>
				<periodo mesDesde="8" mesHasta="8" montoMensual="7192.5"/>
				<periodo mesDesde="9" mesHasta="9" montoMensual="7262.5"/>
				<periodo mesDesde="11" mesHasta="11" montoMensual="7420"/>
				<periodo mesDesde="12" mesHasta="12" montoMensual="7525"/>
			</periodos>
		</retPerPago>
	</retPerPagos>
</presentacion>
