<?xml version="1.0" encoding="UTF-8"?>
<presentacion>
	<periodo>2021</periodo>
	<nroPresentacion>2</nroPresentacion>
	<fechaPresentacion>2022-02-16</fechaPresentacion>
	<empleado>
		<cuit>27255514437</cuit>
		<tipoDoc>86</tipoDoc>
		<apellido>SETRINI</apellido>
		<nombre>LORENA ANDREA</nombre>
		<direccion>
			<provincia>1</provincia>
			<cp>1872</cp>
			<localidad>SARANDI</localidad>
			<calle>DR CARLOS CASAZZA</calle>
			<nro>836</nro>
		</direccion>
	</empleado>
	<cargasFamilia>
		<cargaFamilia>
			<tipoDoc>86</tipoDoc>
			<nroDoc>20467589300</nroDoc>
			<apellido>GIMENEZ ANGEL GABRIEL</apellido>
			<nombre></nombre>
			<fechaNac>2005-10-18</fechaNac>
			<mesDesde>1</mesDesde>
			<mesHasta>12</mesHasta>
			<parentesco>3</parentesco>
			<vigenteProximosPeriodos>S</vigenteProximosPeriodos>
			<porcentajeDeduccion>100</porcentajeDeduccion>
		</cargaFamilia>
	</cargasFamilia>
	<retPerPagos>
		<retPerPago tipo="27">
			<tipoDoc>80</tipoDoc>
			<nroDoc>33999242109</nroDoc>
			<denominacion>BANCO DE LA PROVINCIA DE BUENOS AIRES</denominacion>
			<descBasica>33999242109 - BANCO DE LA PROVINCIA DE BUENOS AIRES</descBasica>
			<montoTotal>12687.5</montoTotal>
			<periodos>
				<periodo mesDesde="7" mesHasta="7" montoMensual="5337.5"/>
				<periodo mesDesde="8" mesHasta="8" montoMensual="3596.25"/>
				<periodo mesDesde="12" mesHasta="12" montoMensual="3753.75"/>
			</periodos>
		</retPerPago>
	</retPerPagos>
</presentacion>
