<?xml version="1.0" encoding="UTF-8"?>
<presentacion>
	<periodo>2021</periodo>
	<nroPresentacion>3</nroPresentacion>
	<fechaPresentacion>2022-01-28</fechaPresentacion>
	<empleado>
		<cuit>27277784675</cuit>
		<tipoDoc>80</tipoDoc>
		<apellido>ARLANDI GRANADOS</apellido>
		<nombre>NATALIA ANDREA</nombre>
		<direccion>
			<provincia>0</provincia>
			<cp>1128</cp>
			<localidad>Ciudad de Buenos Aires</localidad>
			<calle>LOPEZ VICENTE</calle>
			<nro>2261</nro>
			<piso>4</piso>
			<dpto>A</dpto>
		</direccion>
	</empleado>
	<cargasFamilia>
		<cargaFamilia>
			<tipoDoc>86</tipoDoc>
			<nroDoc>27557603617</nroDoc>
			<apellido>RODRIGUEZ URROZ</apellido>
			<nombre>EMILIA</nombre>
			<fechaNac>2016-08-21</fechaNac>
			<mesDesde>1</mesDesde>
			<mesHasta>12</mesHasta>
			<parentesco>3</parentesco>
			<vigenteProximosPeriodos>S</vigenteProximosPeriodos>
			<porcentajeDeduccion>100</porcentajeDeduccion>
		</cargaFamilia>
		<cargaFamilia>
			<tipoDoc>86</tipoDoc>
			<nroDoc>27580273012</nroDoc>
			<apellido>RODRIGUEZ URROZ</apellido>
			<nombre>LUCIA</nombre>
			<fechaNac>2019-10-24</fechaNac>
			<mesDesde>1</mesDesde>
			<mesHasta>12</mesHasta>
			<parentesco>3</parentesco>
			<vigenteProximosPeriodos>S</vigenteProximosPeriodos>
			<porcentajeDeduccion>100</porcentajeDeduccion>
		</cargaFamilia>
	</cargasFamilia>
	<deducciones>
		<deduccion tipo="1">
			<tipoDoc>80</tipoDoc>
			<nroDoc>30546771314</nroDoc>
			<denominacion>MEDICUS SOCIEDAD ANONIMA DE ASISTENCIA MEDICA Y CIENTIFICA</denominacion>
			<descBasica>30546771314 - MEDICUS SOCIEDAD ANONIMA DE ASISTENCIA MEDICA Y CIENTIFICA</descBasica>
			<montoTotal>99949.49</montoTotal>
			<periodos>
				<periodo mesDesde="1" mesHasta="1" montoMensual="8304.97"/>
				<periodo mesDesde="2" mesHasta="2" montoMensual="8001.51"/>
				<periodo mesDesde="3" mesHasta="3" montoMensual="7269.28"/>
				<periodo mesDesde="4" mesHasta="4" montoMensual="337.83"/>
				<periodo mesDesde="5" mesHasta="5" montoMensual="10286.58"/>
				<periodo mesDesde="6" mesHasta="6" montoMensual="2261.84"/>
				<periodo mesDesde="7" mesHasta="7" montoMensual="7587.61"/>
				<periodo mesDesde="8" mesHasta="8" montoMensual="6992.06"/>
				<periodo mesDesde="9" mesHasta="9" montoMensual="13390.13"/>
				<periodo mesDesde="10" mesHasta="10" montoMensual="4191.2"/>
				<periodo mesDesde="11" mesHasta="11" montoMensual="19236.85"/>
				<periodo mesDesde="12" mesHasta="12" montoMensual="12089.63"/>
			</periodos>
		</deduccion>
	</deducciones>
	<retPerPagos>
		<retPerPago tipo="27">
			<tipoDoc>80</tipoDoc>
			<nroDoc>30500008454</nroDoc>
			<denominacion>BANCO SANTANDER RIO SOCIEDAD ANONIMA</denominacion>
			<descBasica>30500008454 - BANCO SANTANDER RIO SOCIEDAD ANONIMA</descBasica>
			<montoTotal>26472.25</montoTotal>
			<periodos>
				<periodo mesDesde="1" mesHasta="1" montoMensual="6440"/>
				<periodo mesDesde="2" mesHasta="2" montoMensual="5696.25"/>
				<periodo mesDesde="10" mesHasta="10" montoMensual="6965"/>
				<periodo mesDesde="12" mesHasta="12" montoMensual="7371"/>
			</periodos>
		</retPerPago>
		<retPerPago tipo="28">
			<tipoDoc>80</tipoDoc>
			<nroDoc>30500008454</nroDoc>
			<denominacion>BANCO SANTANDER RIO SOCIEDAD ANONIMA</denominacion>
			<descBasica>30500008454 - BANCO SANTANDER RIO SOCIEDAD ANONIMA</descBasica>
			<montoTotal>13831.83</montoTotal>
			<periodos>
				<periodo mesDesde="5" mesHasta="5" montoMensual="13831.83"/>
			</periodos>
			<detalles>
				<detalle nombre="tipoTarjeta" valor="0"/>
			</detalles>
		</retPerPago>
	</retPerPagos>
</presentacion>
