<?xml version="1.0" encoding="UTF-8"?>
<presentacion>
	<periodo>2021</periodo>
	<nroPresentacion>1</nroPresentacion>
	<fechaPresentacion>2022-02-06</fechaPresentacion>
	<empleado>
		<cuit>27284184039</cuit>
		<tipoDoc>86</tipoDoc>
		<apellido>ROMERO SABRINA VERONICA</apellido>
		<nombre></nombre>
		<direccion>
			<provincia>1</provincia>
			<cp>1824</cp>
			<localidad>LANUS</localidad>
			<calle>BASAVILBASO</calle>
			<nro>427</nro>
		</direccion>
	</empleado>
	<retPerPagos>
		<retPerPago tipo="27">
			<tipoDoc>80</tipoDoc>
			<nroDoc>33999242109</nroDoc>
			<denominacion>BANCO DE LA PROVINCIA DE BUENOS AIRES</denominacion>
			<descBasica>33999242109 - BANCO DE LA PROVINCIA DE BUENOS AIRES</descBasica>
			<montoTotal>53932.36</montoTotal>
			<periodos>
				<periodo mesDesde="1" mesHasta="1" montoMensual="6383.12"/>
				<periodo mesDesde="2" mesHasta="2" montoMensual="654.5"/>
				<periodo mesDesde="3" mesHasta="3" montoMensual="6807.5"/>
				<periodo mesDesde="4" mesHasta="4" montoMensual="6895"/>
				<periodo mesDesde="5" mesHasta="5" montoMensual="6982.5"/>
				<periodo mesDesde="6" mesHasta="6" montoMensual="7035"/>
				<periodo mesDesde="7" mesHasta="7" montoMensual="7122.5"/>
				<periodo mesDesde="8" mesHasta="8" montoMensual="1078.87"/>
				<periodo mesDesde="9" mesHasta="9" montoMensual="6177.5"/>
				<periodo mesDesde="11" mesHasta="11" montoMensual="3675"/>
				<periodo mesDesde="12" mesHasta="12" montoMensual="1120.87"/>
			</periodos>
		</retPerPago>
	</retPerPagos>
</presentacion>
