<?xml version="1.0" encoding="UTF-8"?>
<presentacion>
	<periodo>2021</periodo>
	<nroPresentacion>1</nroPresentacion>
	<fechaPresentacion>2022-02-23</fechaPresentacion>
	<empleado>
		<cuit>27280858124</cuit>
		<tipoDoc>80</tipoDoc>
		<apellido>TRONCOSO</apellido>
		<nombre>ROSA SILVINA</nombre>
		<direccion>
			<provincia>17</provincia>
			<cp>9100</cp>
			<localidad>TRELEW</localidad>
			<calle>EDINSON</calle>
			<nro>1398</nro>
		</direccion>
	</empleado>
	<cargasFamilia>
		<cargaFamilia>
			<tipoDoc>86</tipoDoc>
			<nroDoc>27486442102</nroDoc>
			<apellido>TRONCOSO</apellido>
			<nombre>MIA SOLEDAD</nombre>
			<fechaNac>2008-04-26</fechaNac>
			<mesDesde>1</mesDesde>
			<mesHasta>12</mesHasta>
			<parentesco>3</parentesco>
			<vigenteProximosPeriodos>S</vigenteProximosPeriodos>
			<porcentajeDeduccion>100</porcentajeDeduccion>
		</cargaFamilia>
		<cargaFamilia>
			<tipoDoc>86</tipoDoc>
			<nroDoc>23536750444</nroDoc>
			<apellido>DELA FUENTE TRONCOSO</apellido>
			<nombre>AMBAR</nombre>
			<fechaNac>2014-04-08</fechaNac>
			<mesDesde>1</mesDesde>
			<mesHasta>12</mesHasta>
			<parentesco>3</parentesco>
			<vigenteProximosPeriodos>S</vigenteProximosPeriodos>
			<porcentajeDeduccion>100</porcentajeDeduccion>
		</cargaFamilia>
	</cargasFamilia>
	<retPerPagos>
		<retPerPago tipo="27">
			<tipoDoc>80</tipoDoc>
			<nroDoc>33999242109</nroDoc>
			<denominacion>BANCO DE LA PROVINCIA DE BUENOS AIRES</denominacion>
			<descBasica>33999242109 - BANCO DE LA PROVINCIA DE BUENOS AIRES</descBasica>
			<montoTotal>63192.5</montoTotal>
			<periodos>
				<periodo mesDesde="1" mesHasta="1" montoMensual="6265"/>
				<periodo mesDesde="2" mesHasta="2" montoMensual="6475"/>
				<periodo mesDesde="6" mesHasta="6" montoMensual="7000"/>
				<periodo mesDesde="7" mesHasta="7" montoMensual="7052.5"/>
				<periodo mesDesde="8" mesHasta="8" montoMensual="7122.5"/>
				<periodo mesDesde="9" mesHasta="9" montoMensual="7210"/>
				<periodo mesDesde="10" mesHasta="10" montoMensual="7280"/>
				<periodo mesDesde="11" mesHasta="11" montoMensual="7350"/>
				<periodo mesDesde="12" mesHasta="12" montoMensual="7437.5"/>
			</periodos>
		</retPerPago>
	</retPerPagos>
</presentacion>
