<?xml version="1.0" encoding="UTF-8"?>
<presentacion>
	<periodo>2021</periodo>
	<nroPresentacion>1</nroPresentacion>
	<fechaPresentacion>2022-01-12</fechaPresentacion>
	<empleado>
		<cuit>27287508072</cuit>
		<tipoDoc>80</tipoDoc>
		<apellido>VALLEJOS</apellido>
		<nombre>SILVIA ANALIA</nombre>
		<direccion>
			<provincia>1</provincia>
			<cp>1822</cp>
			<localidad>VALENTIN ALSINA</localidad>
			<calle>OSORIO</calle>
			<nro>1600</nro>
			<piso>2</piso>
			<dpto>9</dpto>
		</direccion>
	</empleado>
	<retPerPagos>
		<retPerPago tipo="27">
			<tipoDoc>80</tipoDoc>
			<nroDoc>33999242109</nroDoc>
			<denominacion>BANCO DE LA PROVINCIA DE BUENOS AIRES</denominacion>
			<descBasica>33999242109 - BANCO DE LA PROVINCIA DE BUENOS AIRES</descBasica>
			<montoTotal>7350</montoTotal>
			<periodos>
				<periodo mesDesde="11" mesHasta="11" montoMensual="7350"/>
			</periodos>
		</retPerPago>
	</retPerPagos>
</presentacion>
