<?xml version="1.0" encoding="UTF-8"?>
<presentacion>
	<periodo>2021</periodo>
	<nroPresentacion>1</nroPresentacion>
	<fechaPresentacion>2022-01-17</fechaPresentacion>
	<empleado>
		<cuit>27331485026</cuit>
		<tipoDoc>80</tipoDoc>
		<apellido>GALLARDO</apellido>
		<nombre>MARISA PAMELA</nombre>
		<direccion>
			<provincia>0</provincia>
			<cp>1425</cp>
			<localidad>Ciudad de Buenos Aires</localidad>
			<calle>ARENALES</calle>
			<nro>2847</nro>
			<piso>5</piso>
			<dpto>B</dpto>
		</direccion>
	</empleado>
	<retPerPagos>
		<retPerPago tipo="27">
			<tipoDoc>80</tipoDoc>
			<nroDoc>30999032083</nroDoc>
			<denominacion>BANCO DE LA CIUDAD DE BUENOS AIRES</denominacion>
			<descBasica>30999032083 - BANCO DE LA CIUDAD DE BUENOS AIRES</descBasica>
			<montoTotal>43676.5</montoTotal>
			<periodos>
				<periodo mesDesde="7" mesHasta="7" montoMensual="7101.5"/>
				<periodo mesDesde="8" mesHasta="8" montoMensual="7154"/>
				<periodo mesDesde="9" mesHasta="9" montoMensual="7206.5"/>
				<periodo mesDesde="10" mesHasta="10" montoMensual="7346.5"/>
				<periodo mesDesde="11" mesHasta="11" montoMensual="7364"/>
				<periodo mesDesde="12" mesHasta="12" montoMensual="7504"/>
			</periodos>
		</retPerPago>
	</retPerPagos>
</presentacion>
