<?xml version="1.0" encoding="UTF-8"?>
<presentacion>
	<periodo>2021</periodo>
	<nroPresentacion>15</nroPresentacion>
	<fechaPresentacion>2022-01-26</fechaPresentacion>
	<empleado>
		<cuit>27340209929</cuit>
		<tipoDoc>80</tipoDoc>
		<apellido>MORENO</apellido>
		<nombre>KARINA</nombre>
		<direccion>
			<provincia>1</provincia>
			<cp>1874</cp>
			<localidad>VILLA DOMINICO</localidad>
			<calle>MERLO</calle>
			<nro>5108</nro>
		</direccion>
	</empleado>
	<deducciones>
		<deduccion tipo="22">
			<tipoDoc>80</tipoDoc>
			<nroDoc>27061517826</nroDoc>
			<denominacion>SANTAMARIA ALICIA CRISTINA</denominacion>
			<descBasica>27061517826 - SANTAMARIA ALICIA CRISTINA</descBasica>
			<montoTotal>104190.4</montoTotal>
			<periodos>
				<periodo mesDesde="1" mesHasta="1" montoMensual="7349.2"/>
				<periodo mesDesde="2" mesHasta="7" montoMensual="8349.2"/>
				<periodo mesDesde="8" mesHasta="12" montoMensual="9349.2"/>
			</periodos>
		</deduccion>
	</deducciones>
	<retPerPagos>
		<retPerPago tipo="27">
			<tipoDoc>80</tipoDoc>
			<nroDoc>30500001735</nroDoc>
			<denominacion>BANCO DE GALICIA Y BUENOS AIRES S A U</denominacion>
			<descBasica>30500001735 - BANCO DE GALICIA Y BUENOS AIRES S A U</descBasica>
			<montoTotal>7112</montoTotal>
			<periodos>
				<periodo mesDesde="7" mesHasta="7" montoMensual="7112"/>
			</periodos>
		</retPerPago>
		<retPerPago tipo="28">
			<tipoDoc>80</tipoDoc>
			<nroDoc>30500001735</nroDoc>
			<denominacion>BANCO DE GALICIA Y BUENOS AIRES S A U</denominacion>
			<descBasica>30500001735 - BANCO DE GALICIA Y BUENOS AIRES S A U</descBasica>
			<montoTotal>4043.31</montoTotal>
			<periodos>
				<periodo mesDesde="8" mesHasta="8" montoMensual="1331.96"/>
				<periodo mesDesde="9" mesHasta="9" montoMensual="-8.97"/>
				<periodo mesDesde="10" mesHasta="10" montoMensual="1413.58"/>
				<periodo mesDesde="12" mesHasta="12" montoMensual="1306.74"/>
			</periodos>
			<detalles>
				<detalle nombre="tipoTarjeta" valor="0"/>
			</detalles>
		</retPerPago>
	</retPerPagos>
</presentacion>
