<?xml version="1.0" encoding="UTF-8"?>
<presentacion>
	<periodo>2021</periodo>
	<nroPresentacion>1</nroPresentacion>
	<fechaPresentacion>2022-02-07</fechaPresentacion>
	<empleado>
		<cuit>27354247483</cuit>
		<tipoDoc>80</tipoDoc>
		<apellido>AZARIO</apellido>
		<nombre>DAIANA JAQUELINE</nombre>
		<direccion>
			<provincia>1</provincia>
			<cp>1870</cp>
			<localidad>AVELLANEDA</localidad>
			<calle>Pavon</calle>
			<nro>122</nro>
		</direccion>
	</empleado>
	<retPerPagos>
		<retPerPago tipo="27">
			<tipoDoc>80</tipoDoc>
			<nroDoc>33999242109</nroDoc>
			<denominacion>BANCO DE LA PROVINCIA DE BUENOS AIRES</denominacion>
			<descBasica>33999242109 - BANCO DE LA PROVINCIA DE BUENOS AIRES</descBasica>
			<montoTotal>21971.25</montoTotal>
			<periodos>
				<periodo mesDesde="7" mesHasta="7" montoMensual="3561.25"/>
				<periodo mesDesde="9" mesHasta="9" montoMensual="3605"/>
				<periodo mesDesde="11" mesHasta="11" montoMensual="7367.5"/>
				<periodo mesDesde="12" mesHasta="12" montoMensual="7437.5"/>
			</periodos>
		</retPerPago>
	</retPerPagos>
</presentacion>
