<?xml version="1.0" encoding="UTF-8"?>
<presentacion>
	<periodo>2021</periodo>
	<nroPresentacion>1</nroPresentacion>
	<fechaPresentacion>2022-03-14</fechaPresentacion>
	<empleado>
		<cuit>27370537602</cuit>
		<tipoDoc>86</tipoDoc>
		<apellido>SAMANIEGO ROCIO GIULIANA</apellido>
		<nombre></nombre>
		<direccion>
			<provincia>1</provincia>
			<cp>1875</cp>
			<localidad>WILDE</localidad>
			<calle>CAMACUA</calle>
			<nro>6285</nro>
		</direccion>
	</empleado>
	<retPerPagos>
		<retPerPago tipo="27">
			<tipoDoc>80</tipoDoc>
			<nroDoc>33999242109</nroDoc>
			<denominacion>BANCO DE LA PROVINCIA DE BUENOS AIRES</denominacion>
			<descBasica>33999242109 - BANCO DE LA PROVINCIA DE BUENOS AIRES</descBasica>
			<montoTotal>22854.3</montoTotal>
			<periodos>
				<periodo mesDesde="1" mesHasta="7" montoMensual="62.65"/>
				<periodo mesDesde="8" mesHasta="9" montoMensual="97.65"/>
				<periodo mesDesde="10" mesHasta="10" montoMensual="7307.65"/>
				<periodo mesDesde="11" mesHasta="11" montoMensual="7377.65"/>
				<periodo mesDesde="12" mesHasta="12" montoMensual="7535.15"/>
			</periodos>
		</retPerPago>
	</retPerPagos>
</presentacion>
