<?xml version="1.0" encoding="UTF-8"?>
<presentacion>
	<periodo>2021</periodo>
	<nroPresentacion>1</nroPresentacion>
	<fechaPresentacion>2022-01-23</fechaPresentacion>
	<empleado>
		<cuit>27381551097</cuit>
		<tipoDoc>80</tipoDoc>
		<apellido>MACIA</apellido>
		<nombre>MACARENA ROCIO</nombre>
		<direccion>
			<provincia>1</provincia>
			<cp>1869</cp>
			<localidad>GERLI</localidad>
			<calle>AGUERO</calle>
			<nro>1415</nro>
		</direccion>
	</empleado>
	<retPerPagos>
		<retPerPago tipo="27">
			<tipoDoc>80</tipoDoc>
			<nroDoc>33999242109</nroDoc>
			<denominacion>BANCO DE LA PROVINCIA DE BUENOS AIRES</denominacion>
			<descBasica>33999242109 - BANCO DE LA PROVINCIA DE BUENOS AIRES</descBasica>
			<montoTotal>61811.79</montoTotal>
			<periodos>
				<periodo mesDesde="1" mesHasta="1" montoMensual="6282.5"/>
				<periodo mesDesde="2" mesHasta="2" montoMensual="6475"/>
				<periodo mesDesde="3" mesHasta="3" montoMensual="6615"/>
				<periodo mesDesde="4" mesHasta="4" montoMensual="6860"/>
				<periodo mesDesde="5" mesHasta="5" montoMensual="6912.5"/>
				<periodo mesDesde="7" mesHasta="7" montoMensual="126.04"/>
				<periodo mesDesde="8" mesHasta="8" montoMensual="6473.25"/>
				<periodo mesDesde="9" mesHasta="9" montoMensual="7280"/>
				<periodo mesDesde="11" mesHasta="11" montoMensual="7350"/>
				<periodo mesDesde="12" mesHasta="12" montoMensual="7437.5"/>
			</periodos>
		</retPerPago>
	</retPerPagos>
</presentacion>
