<?xml version="1.0" encoding="UTF-8"?>
<presentacion>
	<periodo>2021</periodo>
	<nroPresentacion>18</nroPresentacion>
	<fechaPresentacion>2022-01-26</fechaPresentacion>
	<empleado>
		<cuit>27925229070</cuit>
		<tipoDoc>80</tipoDoc>
		<apellido>BENECH</apellido>
		<nombre>CLAUDIA ANDREA</nombre>
		<direccion>
			<provincia>1</provincia>
			<cp>1869</cp>
			<localidad>GERLI</localidad>
			<calle>CAMPICHUELO</calle>
			<nro>1504</nro>
		</direccion>
	</empleado>
	<deducciones>
		<deduccion tipo="2">
			<tipoDoc>80</tipoDoc>
			<nroDoc>33999242109</nroDoc>
			<denominacion>BANCO DE LA PROVINCIA DE BUENOS AIRES</denominacion>
			<descBasica>33999242109 - BANCO DE LA PROVINCIA DE BUENOS AIRES</descBasica>
			<montoTotal>891.64</montoTotal>
			<periodos>
				<periodo mesDesde="1" mesHasta="1" montoMensual="75.13"/>
				<periodo mesDesde="2" mesHasta="2" montoMensual="75"/>
				<periodo mesDesde="3" mesHasta="3" montoMensual="74.86"/>
				<periodo mesDesde="4" mesHasta="4" montoMensual="74.71"/>
				<periodo mesDesde="5" mesHasta="5" montoMensual="74.56"/>
				<periodo mesDesde="6" mesHasta="6" montoMensual="74.41"/>
				<periodo mesDesde="7" mesHasta="7" montoMensual="74.25"/>
				<periodo mesDesde="8" mesHasta="8" montoMensual="74.09"/>
				<periodo mesDesde="9" mesHasta="9" montoMensual="73.92"/>
				<periodo mesDesde="10" mesHasta="10" montoMensual="73.75"/>
				<periodo mesDesde="11" mesHasta="11" montoMensual="73.57"/>
				<periodo mesDesde="12" mesHasta="12" montoMensual="73.39"/>
			</periodos>
		</deduccion>
		<deduccion tipo="3">
			<tipoDoc>80</tipoDoc>
			<nroDoc>30717237184</nroDoc>
			<denominacion>FRENTE DE TODOS A. P. - ALIANZA</denominacion>
			<descBasica>30717237184 - FRENTE DE TODOS A. P. - ALIANZA</descBasica>
			<montoTotal>8000</montoTotal>
			<periodos>
				<periodo mesDesde="9" mesHasta="9" montoMensual="8000"/>
			</periodos>
		</deduccion>
		<deduccion tipo="4">
			<tipoDoc>80</tipoDoc>
			<nroDoc>33999242109</nroDoc>
			<denominacion>BANCO DE LA PROVINCIA DE BUENOS AIRES</denominacion>
			<descBasica>33999242109 - BANCO DE LA PROVINCIA DE BUENOS AIRES</descBasica>
			<montoTotal>27397.62</montoTotal>
			<periodos>
				<periodo mesDesde="1" mesHasta="1" montoMensual="2308.72"/>
				<periodo mesDesde="2" mesHasta="2" montoMensual="2304.08"/>
				<periodo mesDesde="3" mesHasta="3" montoMensual="2302.4"/>
				<periodo mesDesde="4" mesHasta="4" montoMensual="2295.65"/>
				<periodo mesDesde="5" mesHasta="5" montoMensual="2291.24"/>
				<periodo mesDesde="6" mesHasta="6" montoMensual="2286.08"/>
				<periodo mesDesde="7" mesHasta="7" montoMensual="2275.26"/>
				<periodo mesDesde="8" mesHasta="8" montoMensual="2277.14"/>
				<periodo mesDesde="9" mesHasta="9" montoMensual="2267.89"/>
				<periodo mesDesde="10" mesHasta="10" montoMensual="2265.17"/>
				<periodo mesDesde="11" mesHasta="11" montoMensual="2264.12"/>
				<periodo mesDesde="12" mesHasta="12" montoMensual="2259.87"/>
			</periodos>
		</deduccion>
		<deduccion tipo="7">
			<tipoDoc>80</tipoDoc>
			<nroDoc>30588092468</nroDoc>
			<denominacion>ENRIQUE MARTIN ROSSI S A</denominacion>
			<descBasica>30588092468 - ENRIQUE MARTIN ROSSI S A</descBasica>
			<montoTotal>3120</montoTotal>
			<periodos>
				<periodo mesDesde="4" mesHasta="4" montoMensual="3120.00"/>
			</periodos>
		</deduccion>
		<deduccion tipo="99">
			<tipoDoc>80</tipoDoc>
			<nroDoc>30599421846</nroDoc>
			<denominacion>CAJA DE SEGURIDAD SOCIAL PARA LOS PROFESIONALES EN CIENCIAS EC</denominacion>
			<descBasica>Cajas Provinciales o Municipales o de Previsión para Profesionales</descBasica>
			<descAdicional>Enero - 30599421846 - CAJA DE SEGURIDAD SOCIAL PARA LOS PROFESIONALES EN CIENCIAS EC</descAdicional>
			<montoTotal>237.31</montoTotal>
			<detalles>
				<detalle nombre="motivo" valor="2"/>
				<detalle nombre="mes" valor="1"/>
			</detalles>
		</deduccion>
		<deduccion tipo="99">
			<tipoDoc>80</tipoDoc>
			<nroDoc>30599421846</nroDoc>
			<denominacion>CAJA DE SEGURIDAD SOCIAL PARA LOS PROFESIONALES EN CIENCIAS EC</denominacion>
			<descBasica>Cajas Provinciales o Municipales o de Previsión para Profesionales</descBasica>
			<descAdicional>Enero - 30599421846 - CAJA DE SEGURIDAD SOCIAL PARA LOS PROFESIONALES EN CIENCIAS EC</descAdicional>
			<montoTotal>237.31</montoTotal>
			<detalles>
				<detalle nombre="motivo" valor="2"/>
				<detalle nombre="mes" valor="1"/>
			</detalles>
		</deduccion>
		<deduccion tipo="99">
			<tipoDoc>80</tipoDoc>
			<nroDoc>30599421846</nroDoc>
			<denominacion>CAJA DE SEGURIDAD SOCIAL PARA LOS PROFESIONALES EN CIENCIAS EC</denominacion>
			<descBasica>Cajas Provinciales o Municipales o de Previsión para Profesionales</descBasica>
			<descAdicional>Enero - 30599421846 - CAJA DE SEGURIDAD SOCIAL PARA LOS PROFESIONALES EN CIENCIAS EC</descAdicional>
			<montoTotal>237.31</montoTotal>
			<detalles>
				<detalle nombre="motivo" valor="2"/>
				<detalle nombre="mes" valor="1"/>
			</detalles>
		</deduccion>
		<deduccion tipo="99">
			<tipoDoc>80</tipoDoc>
			<nroDoc>30599421846</nroDoc>
			<denominacion>CAJA DE SEGURIDAD SOCIAL PARA LOS PROFESIONALES EN CIENCIAS EC</denominacion>
			<descBasica>Cajas Provinciales o Municipales o de Previsión para Profesionales</descBasica>
			<descAdicional>Enero - 30599421846 - CAJA DE SEGURIDAD SOCIAL PARA LOS PROFESIONALES EN CIENCIAS EC</descAdicional>
			<montoTotal>237.31</montoTotal>
			<detalles>
				<detalle nombre="motivo" valor="2"/>
				<detalle nombre="mes" valor="1"/>
			</detalles>
		</deduccion>
		<deduccion tipo="99">
			<tipoDoc>80</tipoDoc>
			<nroDoc>30599421846</nroDoc>
			<denominacion>CAJA DE SEGURIDAD SOCIAL PARA LOS PROFESIONALES EN CIENCIAS EC</denominacion>
			<descBasica>Cajas Provinciales o Municipales o de Previsión para Profesionales</descBasica>
			<descAdicional>Enero - 30599421846 - CAJA DE SEGURIDAD SOCIAL PARA LOS PROFESIONALES EN CIENCIAS EC</descAdicional>
			<montoTotal>237.31</montoTotal>
			<detalles>
				<detalle nombre="motivo" valor="2"/>
				<detalle nombre="mes" valor="1"/>
			</detalles>
		</deduccion>
		<deduccion tipo="99">
			<tipoDoc>80</tipoDoc>
			<nroDoc>30599421846</nroDoc>
			<denominacion>CAJA DE SEGURIDAD SOCIAL PARA LOS PROFESIONALES EN CIENCIAS EC</denominacion>
			<descBasica>Cajas Provinciales o Municipales o de Previsión para Profesionales</descBasica>
			<descAdicional>Enero - 30599421846 - CAJA DE SEGURIDAD SOCIAL PARA LOS PROFESIONALES EN CIENCIAS EC</descAdicional>
			<montoTotal>2726.39</montoTotal>
			<detalles>
				<detalle nombre="motivo" valor="2"/>
				<detalle nombre="mes" valor="1"/>
			</detalles>
		</deduccion>
		<deduccion tipo="99">
			<tipoDoc>80</tipoDoc>
			<nroDoc>30599421846</nroDoc>
			<denominacion>CAJA DE SEGURIDAD SOCIAL PARA LOS PROFESIONALES EN CIENCIAS EC</denominacion>
			<descBasica>Cajas Provinciales o Municipales o de Previsión para Profesionales</descBasica>
			<descAdicional>Febrero - 30599421846 - CAJA DE SEGURIDAD SOCIAL PARA LOS PROFESIONALES EN CIENCIAS EC</descAdicional>
			<montoTotal>1036.27</montoTotal>
			<detalles>
				<detalle nombre="motivo" valor="2"/>
				<detalle nombre="mes" valor="2"/>
			</detalles>
		</deduccion>
		<deduccion tipo="99">
			<tipoDoc>80</tipoDoc>
			<nroDoc>30599421846</nroDoc>
			<denominacion>CAJA DE SEGURIDAD SOCIAL PARA LOS PROFESIONALES EN CIENCIAS EC</denominacion>
			<descBasica>Cajas Provinciales o Municipales o de Previsión para Profesionales</descBasica>
			<descAdicional>Febrero - 30599421846 - CAJA DE SEGURIDAD SOCIAL PARA LOS PROFESIONALES EN CIENCIAS EC</descAdicional>
			<montoTotal>3193.12</montoTotal>
			<detalles>
				<detalle nombre="motivo" valor="2"/>
				<detalle nombre="mes" valor="2"/>
			</detalles>
		</deduccion>
		<deduccion tipo="99">
			<tipoDoc>80</tipoDoc>
			<nroDoc>30599421846</nroDoc>
			<denominacion>CAJA DE SEGURIDAD SOCIAL PARA LOS PROFESIONALES EN CIENCIAS EC</denominacion>
			<descBasica>Cajas Provinciales o Municipales o de Previsión para Profesionales</descBasica>
			<descAdicional>Marzo - 30599421846 - CAJA DE SEGURIDAD SOCIAL PARA LOS PROFESIONALES EN CIENCIAS EC</descAdicional>
			<montoTotal>265.43</montoTotal>
			<detalles>
				<detalle nombre="motivo" valor="2"/>
				<detalle nombre="mes" valor="3"/>
			</detalles>
		</deduccion>
		<deduccion tipo="99">
			<tipoDoc>80</tipoDoc>
			<nroDoc>30599421846</nroDoc>
			<denominacion>CAJA DE SEGURIDAD SOCIAL PARA LOS PROFESIONALES EN CIENCIAS EC</denominacion>
			<descBasica>Cajas Provinciales o Municipales o de Previsión para Profesionales</descBasica>
			<descAdicional>Marzo - 30599421846 - CAJA DE SEGURIDAD SOCIAL PARA LOS PROFESIONALES EN CIENCIAS EC</descAdicional>
			<montoTotal>3914.82</montoTotal>
			<detalles>
				<detalle nombre="motivo" valor="2"/>
				<detalle nombre="mes" valor="3"/>
			</detalles>
		</deduccion>
		<deduccion tipo="99">
			<tipoDoc>80</tipoDoc>
			<nroDoc>30599421846</nroDoc>
			<denominacion>CAJA DE SEGURIDAD SOCIAL PARA LOS PROFESIONALES EN CIENCIAS EC</denominacion>
			<descBasica>Cajas Provinciales o Municipales o de Previsión para Profesionales</descBasica>
			<descAdicional>Abril - 30599421846 - CAJA DE SEGURIDAD SOCIAL PARA LOS PROFESIONALES EN CIENCIAS EC</descAdicional>
			<montoTotal>265.43</montoTotal>
			<detalles>
				<detalle nombre="motivo" valor="2"/>
				<detalle nombre="mes" valor="4"/>
			</detalles>
		</deduccion>
		<deduccion tipo="99">
			<tipoDoc>80</tipoDoc>
			<nroDoc>30599421846</nroDoc>
			<denominacion>CAJA DE SEGURIDAD SOCIAL PARA LOS PROFESIONALES EN CIENCIAS EC</denominacion>
			<descBasica>Cajas Provinciales o Municipales o de Previsión para Profesionales</descBasica>
			<descAdicional>Abril - 30599421846 - CAJA DE SEGURIDAD SOCIAL PARA LOS PROFESIONALES EN CIENCIAS EC</descAdicional>
			<montoTotal>265.43</montoTotal>
			<detalles>
				<detalle nombre="motivo" valor="2"/>
				<detalle nombre="mes" valor="4"/>
			</detalles>
		</deduccion>
		<deduccion tipo="99">
			<tipoDoc>80</tipoDoc>
			<nroDoc>30599421846</nroDoc>
			<denominacion>CAJA DE SEGURIDAD SOCIAL PARA LOS PROFESIONALES EN CIENCIAS EC</denominacion>
			<descBasica>Cajas Provinciales o Municipales o de Previsión para Profesionales</descBasica>
			<descAdicional>Abril - 30599421846 - CAJA DE SEGURIDAD SOCIAL PARA LOS PROFESIONALES EN CIENCIAS EC</descAdicional>
			<montoTotal>1073.28</montoTotal>
			<detalles>
				<detalle nombre="motivo" valor="2"/>
				<detalle nombre="mes" valor="4"/>
			</detalles>
		</deduccion>
		<deduccion tipo="99">
			<tipoDoc>80</tipoDoc>
			<nroDoc>30599421846</nroDoc>
			<denominacion>CAJA DE SEGURIDAD SOCIAL PARA LOS PROFESIONALES EN CIENCIAS EC</denominacion>
			<descBasica>Cajas Provinciales o Municipales o de Previsión para Profesionales</descBasica>
			<descAdicional>Abril - 30599421846 - CAJA DE SEGURIDAD SOCIAL PARA LOS PROFESIONALES EN CIENCIAS EC</descAdicional>
			<montoTotal>265.23</montoTotal>
			<detalles>
				<detalle nombre="motivo" valor="2"/>
				<detalle nombre="mes" valor="4"/>
			</detalles>
		</deduccion>
		<deduccion tipo="99">
			<tipoDoc>80</tipoDoc>
			<nroDoc>30599421846</nroDoc>
			<denominacion>CAJA DE SEGURIDAD SOCIAL PARA LOS PROFESIONALES EN CIENCIAS EC</denominacion>
			<descBasica>Cajas Provinciales o Municipales o de Previsión para Profesionales</descBasica>
			<descAdicional>Abril - 30599421846 - CAJA DE SEGURIDAD SOCIAL PARA LOS PROFESIONALES EN CIENCIAS EC</descAdicional>
			<montoTotal>2496.92</montoTotal>
			<detalles>
				<detalle nombre="motivo" valor="2"/>
				<detalle nombre="mes" valor="4"/>
			</detalles>
		</deduccion>
		<deduccion tipo="99">
			<tipoDoc>80</tipoDoc>
			<nroDoc>30599421846</nroDoc>
			<denominacion>CAJA DE SEGURIDAD SOCIAL PARA LOS PROFESIONALES EN CIENCIAS EC</denominacion>
			<descBasica>Cajas Provinciales o Municipales o de Previsión para Profesionales</descBasica>
			<descAdicional>Mayo - 30599421846 - CAJA DE SEGURIDAD SOCIAL PARA LOS PROFESIONALES EN CIENCIAS EC</descAdicional>
			<montoTotal>4184.16</montoTotal>
			<detalles>
				<detalle nombre="motivo" valor="2"/>
				<detalle nombre="mes" valor="5"/>
			</detalles>
		</deduccion>
		<deduccion tipo="99">
			<tipoDoc>80</tipoDoc>
			<nroDoc>30599421846</nroDoc>
			<denominacion>CAJA DE SEGURIDAD SOCIAL PARA LOS PROFESIONALES EN CIENCIAS EC</denominacion>
			<descBasica>Cajas Provinciales o Municipales o de Previsión para Profesionales</descBasica>
			<descAdicional>Junio - 30599421846 - CAJA DE SEGURIDAD SOCIAL PARA LOS PROFESIONALES EN CIENCIAS EC</descAdicional>
			<montoTotal>4686.24</montoTotal>
			<detalles>
				<detalle nombre="motivo" valor="2"/>
				<detalle nombre="mes" valor="6"/>
			</detalles>
		</deduccion>
		<deduccion tipo="99">
			<tipoDoc>80</tipoDoc>
			<nroDoc>30599421846</nroDoc>
			<denominacion>CAJA DE SEGURIDAD SOCIAL PARA LOS PROFESIONALES EN CIENCIAS EC</denominacion>
			<descBasica>Cajas Provinciales o Municipales o de Previsión para Profesionales</descBasica>
			<descAdicional>Julio - 30599421846 - CAJA DE SEGURIDAD SOCIAL PARA LOS PROFESIONALES EN CIENCIAS EC</descAdicional>
			<montoTotal>1490.67</montoTotal>
			<detalles>
				<detalle nombre="motivo" valor="2"/>
				<detalle nombre="mes" valor="7"/>
			</detalles>
		</deduccion>
		<deduccion tipo="99">
			<tipoDoc>80</tipoDoc>
			<nroDoc>30599421846</nroDoc>
			<denominacion>CAJA DE SEGURIDAD SOCIAL PARA LOS PROFESIONALES EN CIENCIAS EC</denominacion>
			<descBasica>Cajas Provinciales o Municipales o de Previsión para Profesionales</descBasica>
			<descAdicional>Julio - 30599421846 - CAJA DE SEGURIDAD SOCIAL PARA LOS PROFESIONALES EN CIENCIAS EC</descAdicional>
			<montoTotal>1620.21</montoTotal>
			<detalles>
				<detalle nombre="motivo" valor="2"/>
				<detalle nombre="mes" valor="7"/>
			</detalles>
		</deduccion>
		<deduccion tipo="99">
			<tipoDoc>80</tipoDoc>
			<nroDoc>30599421846</nroDoc>
			<denominacion>CAJA DE SEGURIDAD SOCIAL PARA LOS PROFESIONALES EN CIENCIAS EC</denominacion>
			<descBasica>Cajas Provinciales o Municipales o de Previsión para Profesionales</descBasica>
			<descAdicional>Julio - 30599421846 - CAJA DE SEGURIDAD SOCIAL PARA LOS PROFESIONALES EN CIENCIAS EC</descAdicional>
			<montoTotal>298.13</montoTotal>
			<detalles>
				<detalle nombre="motivo" valor="2"/>
				<detalle nombre="mes" valor="7"/>
			</detalles>
		</deduccion>
		<deduccion tipo="99">
			<tipoDoc>80</tipoDoc>
			<nroDoc>30599421846</nroDoc>
			<denominacion>CAJA DE SEGURIDAD SOCIAL PARA LOS PROFESIONALES EN CIENCIAS EC</denominacion>
			<descBasica>Cajas Provinciales o Municipales o de Previsión para Profesionales</descBasica>
			<descAdicional>Julio - 30599421846 - CAJA DE SEGURIDAD SOCIAL PARA LOS PROFESIONALES EN CIENCIAS EC</descAdicional>
			<montoTotal>298.13</montoTotal>
			<detalles>
				<detalle nombre="motivo" valor="2"/>
				<detalle nombre="mes" valor="7"/>
			</detalles>
		</deduccion>
		<deduccion tipo="99">
			<tipoDoc>80</tipoDoc>
			<nroDoc>30599421846</nroDoc>
			<denominacion>CAJA DE SEGURIDAD SOCIAL PARA LOS PROFESIONALES EN CIENCIAS EC</denominacion>
			<descBasica>Cajas Provinciales o Municipales o de Previsión para Profesionales</descBasica>
			<descAdicional>Julio - 30599421846 - CAJA DE SEGURIDAD SOCIAL PARA LOS PROFESIONALES EN CIENCIAS EC</descAdicional>
			<montoTotal>298.13</montoTotal>
			<detalles>
				<detalle nombre="motivo" valor="2"/>
				<detalle nombre="mes" valor="7"/>
			</detalles>
		</deduccion>
		<deduccion tipo="99">
			<tipoDoc>80</tipoDoc>
			<nroDoc>30599421846</nroDoc>
			<denominacion>CAJA DE SEGURIDAD SOCIAL PARA LOS PROFESIONALES EN CIENCIAS EC</denominacion>
			<descBasica>Cajas Provinciales o Municipales o de Previsión para Profesionales</descBasica>
			<descAdicional>Julio - 30599421846 - CAJA DE SEGURIDAD SOCIAL PARA LOS PROFESIONALES EN CIENCIAS EC</descAdicional>
			<montoTotal>199.03</montoTotal>
			<detalles>
				<detalle nombre="motivo" valor="2"/>
				<detalle nombre="mes" valor="7"/>
			</detalles>
		</deduccion>
		<deduccion tipo="99">
			<tipoDoc>80</tipoDoc>
			<nroDoc>30599421846</nroDoc>
			<denominacion>CAJA DE SEGURIDAD SOCIAL PARA LOS PROFESIONALES EN CIENCIAS EC</denominacion>
			<descBasica>Cajas Provinciales o Municipales o de Previsión para Profesionales</descBasica>
			<descAdicional>Agosto - 30599421846 - CAJA DE SEGURIDAD SOCIAL PARA LOS PROFESIONALES EN CIENCIAS EC</descAdicional>
			<montoTotal>4638.75</montoTotal>
			<detalles>
				<detalle nombre="motivo" valor="2"/>
				<detalle nombre="mes" valor="8"/>
			</detalles>
		</deduccion>
		<deduccion tipo="99">
			<tipoDoc>80</tipoDoc>
			<nroDoc>30599421846</nroDoc>
			<denominacion>CAJA DE SEGURIDAD SOCIAL PARA LOS PROFESIONALES EN CIENCIAS EC</denominacion>
			<descBasica>Cajas Provinciales o Municipales o de Previsión para Profesionales</descBasica>
			<descAdicional>Septiembre - 30599421846 - CAJA DE SEGURIDAD SOCIAL PARA LOS PROFESIONALES EN CIENCIAS EC</descAdicional>
			<montoTotal>343.78</montoTotal>
			<detalles>
				<detalle nombre="motivo" valor="2"/>
				<detalle nombre="mes" valor="9"/>
			</detalles>
		</deduccion>
		<deduccion tipo="99">
			<tipoDoc>80</tipoDoc>
			<nroDoc>30599421846</nroDoc>
			<denominacion>CAJA DE SEGURIDAD SOCIAL PARA LOS PROFESIONALES EN CIENCIAS EC</denominacion>
			<descBasica>Cajas Provinciales o Municipales o de Previsión para Profesionales</descBasica>
			<descAdicional>Octubre - 30599421846 - CAJA DE SEGURIDAD SOCIAL PARA LOS PROFESIONALES EN CIENCIAS EC</descAdicional>
			<montoTotal>327.95</montoTotal>
			<detalles>
				<detalle nombre="motivo" valor="2"/>
				<detalle nombre="mes" valor="10"/>
			</detalles>
		</deduccion>
		<deduccion tipo="99">
			<tipoDoc>80</tipoDoc>
			<nroDoc>30599421846</nroDoc>
			<denominacion>CAJA DE SEGURIDAD SOCIAL PARA LOS PROFESIONALES EN CIENCIAS EC</denominacion>
			<descBasica>Cajas Provinciales o Municipales o de Previsión para Profesionales</descBasica>
			<descAdicional>Octubre - 30599421846 - CAJA DE SEGURIDAD SOCIAL PARA LOS PROFESIONALES EN CIENCIAS EC</descAdicional>
			<montoTotal>327.95</montoTotal>
			<detalles>
				<detalle nombre="motivo" valor="2"/>
				<detalle nombre="mes" valor="10"/>
			</detalles>
		</deduccion>
		<deduccion tipo="99">
			<tipoDoc>80</tipoDoc>
			<nroDoc>30599421846</nroDoc>
			<denominacion>CAJA DE SEGURIDAD SOCIAL PARA LOS PROFESIONALES EN CIENCIAS EC</denominacion>
			<descBasica>Cajas Provinciales o Municipales o de Previsión para Profesionales</descBasica>
			<descAdicional>Octubre - 30599421846 - CAJA DE SEGURIDAD SOCIAL PARA LOS PROFESIONALES EN CIENCIAS EC</descAdicional>
			<montoTotal>1637.47</montoTotal>
			<detalles>
				<detalle nombre="motivo" valor="2"/>
				<detalle nombre="mes" valor="10"/>
			</detalles>
		</deduccion>
		<deduccion tipo="99">
			<tipoDoc>80</tipoDoc>
			<nroDoc>30599421846</nroDoc>
			<denominacion>CAJA DE SEGURIDAD SOCIAL PARA LOS PROFESIONALES EN CIENCIAS EC</denominacion>
			<descBasica>Cajas Provinciales o Municipales o de Previsión para Profesionales</descBasica>
			<descAdicional>Octubre - 30599421846 - CAJA DE SEGURIDAD SOCIAL PARA LOS PROFESIONALES EN CIENCIAS EC</descAdicional>
			<montoTotal>1637.47</montoTotal>
			<detalles>
				<detalle nombre="motivo" valor="2"/>
				<detalle nombre="mes" valor="10"/>
			</detalles>
		</deduccion>
		<deduccion tipo="99">
			<tipoDoc>80</tipoDoc>
			<nroDoc>30599421846</nroDoc>
			<denominacion>CAJA DE SEGURIDAD SOCIAL PARA LOS PROFESIONALES EN CIENCIAS EC</denominacion>
			<descBasica>Cajas Provinciales o Municipales o de Previsión para Profesionales</descBasica>
			<descAdicional>Octubre - 30599421846 - CAJA DE SEGURIDAD SOCIAL PARA LOS PROFESIONALES EN CIENCIAS EC</descAdicional>
			<montoTotal>327.95</montoTotal>
			<detalles>
				<detalle nombre="motivo" valor="2"/>
				<detalle nombre="mes" valor="10"/>
			</detalles>
		</deduccion>
		<deduccion tipo="99">
			<tipoDoc>80</tipoDoc>
			<nroDoc>30599421846</nroDoc>
			<denominacion>CAJA DE SEGURIDAD SOCIAL PARA LOS PROFESIONALES EN CIENCIAS EC</denominacion>
			<descBasica>Cajas Provinciales o Municipales o de Previsión para Profesionales</descBasica>
			<descAdicional>Octubre - 30599421846 - CAJA DE SEGURIDAD SOCIAL PARA LOS PROFESIONALES EN CIENCIAS EC</descAdicional>
			<montoTotal>2137.31</montoTotal>
			<detalles>
				<detalle nombre="motivo" valor="2"/>
				<detalle nombre="mes" valor="10"/>
			</detalles>
		</deduccion>
		<deduccion tipo="99">
			<tipoDoc>80</tipoDoc>
			<nroDoc>30599421846</nroDoc>
			<denominacion>CAJA DE SEGURIDAD SOCIAL PARA LOS PROFESIONALES EN CIENCIAS EC</denominacion>
			<descBasica>Cajas Provinciales o Municipales o de Previsión para Profesionales</descBasica>
			<descAdicional>Noviembre - 30599421846 - CAJA DE SEGURIDAD SOCIAL PARA LOS PROFESIONALES EN CIENCIAS EC</descAdicional>
			<montoTotal>326.7</montoTotal>
			<detalles>
				<detalle nombre="motivo" valor="2"/>
				<detalle nombre="mes" valor="11"/>
			</detalles>
		</deduccion>
		<deduccion tipo="99">
			<tipoDoc>80</tipoDoc>
			<nroDoc>30599421846</nroDoc>
			<denominacion>CAJA DE SEGURIDAD SOCIAL PARA LOS PROFESIONALES EN CIENCIAS EC</denominacion>
			<descBasica>Cajas Provinciales o Municipales o de Previsión para Profesionales</descBasica>
			<descAdicional>Noviembre - 30599421846 - CAJA DE SEGURIDAD SOCIAL PARA LOS PROFESIONALES EN CIENCIAS EC</descAdicional>
			<montoTotal>326.7</montoTotal>
			<detalles>
				<detalle nombre="motivo" valor="2"/>
				<detalle nombre="mes" valor="11"/>
			</detalles>
		</deduccion>
		<deduccion tipo="99">
			<tipoDoc>80</tipoDoc>
			<nroDoc>30599421846</nroDoc>
			<denominacion>CAJA DE SEGURIDAD SOCIAL PARA LOS PROFESIONALES EN CIENCIAS EC</denominacion>
			<descBasica>Cajas Provinciales o Municipales o de Previsión para Profesionales</descBasica>
			<descAdicional>Noviembre - 30599421846 - CAJA DE SEGURIDAD SOCIAL PARA LOS PROFESIONALES EN CIENCIAS EC</descAdicional>
			<montoTotal>326.7</montoTotal>
			<detalles>
				<detalle nombre="motivo" valor="2"/>
				<detalle nombre="mes" valor="11"/>
			</detalles>
		</deduccion>
		<deduccion tipo="99">
			<tipoDoc>80</tipoDoc>
			<nroDoc>30599421846</nroDoc>
			<denominacion>CAJA DE SEGURIDAD SOCIAL PARA LOS PROFESIONALES EN CIENCIAS EC</denominacion>
			<descBasica>Cajas Provinciales o Municipales o de Previsión para Profesionales</descBasica>
			<descAdicional>Noviembre - 30599421846 - CAJA DE SEGURIDAD SOCIAL PARA LOS PROFESIONALES EN CIENCIAS EC</descAdicional>
			<montoTotal>326.7</montoTotal>
			<detalles>
				<detalle nombre="motivo" valor="2"/>
				<detalle nombre="mes" valor="11"/>
			</detalles>
		</deduccion>
		<deduccion tipo="99">
			<tipoDoc>80</tipoDoc>
			<nroDoc>30599421846</nroDoc>
			<denominacion>CAJA DE SEGURIDAD SOCIAL PARA LOS PROFESIONALES EN CIENCIAS EC</denominacion>
			<descBasica>Cajas Provinciales o Municipales o de Previsión para Profesionales</descBasica>
			<descAdicional>Noviembre - 30599421846 - CAJA DE SEGURIDAD SOCIAL PARA LOS PROFESIONALES EN CIENCIAS EC</descAdicional>
			<montoTotal>326.7</montoTotal>
			<detalles>
				<detalle nombre="motivo" valor="2"/>
				<detalle nombre="mes" valor="11"/>
			</detalles>
		</deduccion>
		<deduccion tipo="99">
			<tipoDoc>80</tipoDoc>
			<nroDoc>30599421846</nroDoc>
			<denominacion>CAJA DE SEGURIDAD SOCIAL PARA LOS PROFESIONALES EN CIENCIAS EC</denominacion>
			<descBasica>Cajas Provinciales o Municipales o de Previsión para Profesionales</descBasica>
			<descAdicional>Noviembre - 30599421846 - CAJA DE SEGURIDAD SOCIAL PARA LOS PROFESIONALES EN CIENCIAS EC</descAdicional>
			<montoTotal>326.7</montoTotal>
			<detalles>
				<detalle nombre="motivo" valor="2"/>
				<detalle nombre="mes" valor="11"/>
			</detalles>
		</deduccion>
		<deduccion tipo="99">
			<tipoDoc>80</tipoDoc>
			<nroDoc>30599421846</nroDoc>
			<denominacion>CAJA DE SEGURIDAD SOCIAL PARA LOS PROFESIONALES EN CIENCIAS EC</denominacion>
			<descBasica>Cajas Provinciales o Municipales o de Previsión para Profesionales</descBasica>
			<descAdicional>Noviembre - 30599421846 - CAJA DE SEGURIDAD SOCIAL PARA LOS PROFESIONALES EN CIENCIAS EC</descAdicional>
			<montoTotal>326.7</montoTotal>
			<detalles>
				<detalle nombre="motivo" valor="2"/>
				<detalle nombre="mes" valor="11"/>
			</detalles>
		</deduccion>
	</deducciones>
	<retPerPagos>
		<retPerPago tipo="27">
			<tipoDoc>80</tipoDoc>
			<nroDoc>33999242109</nroDoc>
			<denominacion>BANCO DE LA PROVINCIA DE BUENOS AIRES</denominacion>
			<descBasica>33999242109 - BANCO DE LA PROVINCIA DE BUENOS AIRES</descBasica>
			<montoTotal>6247.5</montoTotal>
			<periodos>
				<periodo mesDesde="1" mesHasta="1" montoMensual="6247.5"/>
			</periodos>
		</retPerPago>
	</retPerPagos>
</presentacion>
