<?xml version="1.0" encoding="UTF-8"?>
<presentacion>
	<periodo>2021</periodo>
	<nroPresentacion>3</nroPresentacion>
	<fechaPresentacion>2022-01-18</fechaPresentacion>
	<empleado>
		<cuit>27948623035</cuit>
		<tipoDoc>80</tipoDoc>
		<apellido>DONATO FERNANDES SOUZA</apellido>
		<nombre>INARE</nombre>
		<direccion>
			<provincia>0</provincia>
			<cp>1153</cp>
			<localidad>Ciudad de Buenos Aires</localidad>
			<calle>GARAY JUAN DE AV.</calle>
			<nro>737</nro>
			<piso>1</piso>
			<dpto>1</dpto>
		</direccion>
	</empleado>
	<agenteRetencion>
		<cuit>34999032089</cuit>
		<denominacion>GOBIERNO DE LA CIUDAD DE BUENOS AIRES</denominacion>
	</agenteRetencion>
</presentacion>
